timestamp_ms,sm_clock_mhz,mem_clock_mhz,pstate,temp_c,power_w,util_gpu_pct,util_mem_pct,throttle_reasons,proc_cpu_pct,proc_threads,proc_workingset_mb
389,1185,14001,P0,36,71.11,3,0,0x0000000000000000,,29,351.6
1065,1080,14001,P0,36,69.13,3,0,0x0000000000000000,0,29,351.6
1726,1207,14001,P0,36,67.82,2,0,0x0000000000000000,0,29,351.6
2391,1072,14001,P0,36,68.25,3,0,0x0000000000000000,0,29,351.6
3039,1012,14001,P0,36,67.07,4,0,0x0000000000000000,0,29,351.6
3730,1170,14001,P0,36,67.55,2,0,0x0000000000000000,0,29,351.6
4367,1125,14001,P0,36,68.61,2,0,0x0000000000000000,0,29,351.6
5029,1027,14001,P0,36,66.73,3,0,0x0000000000000000,0,29,351.6
5676,952,14001,P0,36,66.59,3,0,0x0000000000000000,0,29,351.6
6342,1065,14001,P0,36,66.52,4,0,0x0000000000000000,0,29,351.6
7035,1057,14001,P0,36,67.09,3,0,0x0000000000000000,0,29,351.6
7758,1012,14001,P0,36,67.16,3,0,0x0000000000000000,0,29,351.6
8481,1027,14001,P0,36,66.68,1,0,0x0000000000000000,0,29,351.6
9217,1012,14001,P0,36,66.18,3,0,0x0000000000000000,0,29,351.6
9929,967,14001,P0,36,67.43,6,1,0x0000000000000000,0,29,351.6
10632,1072,14001,P0,36,66.64,2,0,0x0000000000000000,0,29,351.6
11371,1110,14001,P0,36,67.63,3,0,0x0000000000000000,0,29,351.6
12044,1222,14001,P0,36,68.93,3,0,0x0000000000000000,0,29,351.6
12700,1282,14001,P0,36,69.13,2,0,0x0000000000000000,0,29,351.6
13376,1297,14001,P0,36,69.05,3,0,0x0000000000000000,0,29,351.6
14074,1612,14001,P0,36,74.03,8,1,0x0000000000000000,0,29,351.6
14832,1710,14001,P0,36,79.02,6,0,0x0000000000000000,0,29,351.6
15488,1470,14001,P0,36,74.29,4,0,0x0000000000000000,0,29,351.6
16393,1350,14001,P0,36,72.20,5,0,0x0000000000000000,0,29,351.6
17063,1327,14001,P0,36,71.31,2,0,0x0000000000000000,0,29,352
17726,1260,14001,P0,36,70.38,3,0,0x0000000000000000,0,29,352
18382,1162,14001,P0,36,69.72,5,0,0x0000000000000000,0.24,29,373
19037,2775,14001,P0,51,435.20,98,38,0x0000000000000004,1.8,29,373.1
19718,2887,14001,P0,47,538.60,99,72,0x0000000000000000,2.05,29,373.1
20438,2887,14001,P0,48,487.18,99,72,0x0000000000000000,2.9,29,373.1
21079,2887,14001,P0,48,486.56,98,71,0x0000000000000000,2.02,29,373.1
21710,2887,14001,P0,48,487.57,99,73,0x0000000000000000,3.21,29,373.1
22405,2887,14001,P0,49,488.23,99,72,0x0000000000000000,2.52,29,373.1
23063,2932,14001,P0,40,276.51,2,0,0x0000000000000000,0,29,373.1
23768,2932,14001,P0,40,108.89,3,0,0x0000000000000000,0,29,373.1
24434,2932,14001,P0,40,107.49,3,0,0x0000000000000000,0,29,373.1
25092,1417,14001,P0,38,82.78,4,0,0x0000000000000000,0,29,373.1
25777,1395,14001,P0,38,71.05,4,0,0x0000000000000000,0,29,373.1
26433,1305,14001,P0,38,69.90,3,0,0x0000000000000000,0,29,373.1
27106,1237,14001,P0,38,69.28,3,0,0x0000000000000000,0,29,373.1
27761,1275,14001,P0,38,69.78,2,0,0x0000000000000000,0.47,29,377.3
28427,1155,14001,P0,48,136.86,97,33,0x0000000000000004,1.18,29,377.3
29078,2782,14001,P0,53,578.21,97,37,0x0000000000000004,0.72,29,377.3
29740,2797,14001,P0,54,573.62,97,35,0x0000000000000004,1.18,29,377.3
30413,2790,14001,P0,54,574.27,97,36,0x0000000000000004,1.51,29,377.3
31184,2790,14001,P0,55,575.22,97,36,0x0000000000000004,1.78,29,377.3
31931,2842,14001,P0,48,537.97,98,71,0x0000000000000000,1.52,29,377.3
32634,2895,14001,P0,50,436.07,99,73,0x0000000000000000,2.55,29,377.3
33337,2895,14001,P0,49,463.75,98,70,0x0000000000000000,2.79,29,377.3
34032,2895,14001,P0,50,460.94,97,70,0x0000000000000000,2.52,29,377.3
34699,2895,14001,P0,50,461.79,95,70,0x0000000000000000,2.19,29,377.3
35380,2895,14001,P0,51,462.50,86,63,0x0000000000000000,0.35,26,377.3
36051,2925,14001,P0,43,141.81,3,0,0x0000000000000000,0,26,377.3
36694,2932,14001,P0,42,110.02,4,0,0x0000000000000000,0,26,377.3
37387,2932,14001,P0,42,106.38,4,0,0x0000000000000000,0,26,377.3
38119,1882,14001,P0,41,81.25,2,0,0x0000000000000000,0,26,377.3
38783,1515,14001,P0,41,77.82,4,0,0x0000000000000000,0,26,377.3
39484,1410,14001,P0,41,72.49,2,0,0x0000000000000000,0,26,377.3
40183,1237,14001,P0,40,69.40,2,0,0x0000000000000000,0,26,377.3
40852,1200,14001,P0,40,69.25,3,0,0x0000000000000000,0,26,377.3
41610,1200,14001,P0,40,69.88,3,0,0x0000000000000000,0,26,377.3
42314,1132,14001,P0,40,69.56,4,0,0x0000000000000000,0,26,377.3
43008,1117,14001,P0,40,69.93,4,0,0x0000000000000000,0,26,377.3
43675,1177,14001,P0,40,70.47,3,0,0x0000000000000000,0,26,377.3
44347,1035,14001,P0,40,70.03,3,0,0x0000000000000000,0,26,377.3
45017,960,14001,P0,40,68.32,4,0,0x0000000000000000,0,26,377.3
45660,1147,14001,P0,40,69.25,4,0,0x0000000000000000,0,26,377.3
46336,1095,14001,P0,39,69.64,2,0,0x0000000000000000,0,26,377.3
47025,1080,14001,P0,39,69.60,3,0,0x0000000000000000,0,26,377.3
47662,1192,14001,P0,39,70.13,4,0,0x0000000000000000,0,26,377.3
48375,1402,14001,P0,39,71.95,2,0,0x0000000000000000,0,26,377.3
49036,1410,14001,P0,39,70.70,2,0,0x0000000000000000,0,26,377.3
49696,1185,14001,P0,39,70.68,3,0,0x0000000000000000,0,26,377.3
50370,1192,14001,P0,39,69.69,2,0,0x0000000000000000,0,26,377.3
51044,1117,14001,P0,39,68.88,3,0,0x0000000000000000,0,26,377.3
51752,1200,14001,P0,39,69.36,3,0,0x0000000000000000,0,26,377.3
52423,1087,14001,P0,39,69.87,3,0,0x0000000000000000,0,26,377.3
53106,1072,14001,P0,39,67.45,3,0,0x0000000000000000,0,26,377.3
53784,1102,14001,P0,39,68.83,4,0,0x0000000000000000,0,26,377.3
54445,1072,14001,P0,39,68.56,2,0,0x0000000000000000,0,26,377.3
55114,1072,14001,P0,39,68.30,2,0,0x0000000000000000,0,26,377.3
55787,1080,14001,P0,39,68.08,4,0,0x0000000000000000,0,26,377.3
56448,1080,14001,P0,39,68.18,3,0,0x0000000000000000,0,26,377.3
57130,1012,14001,P0,39,67.91,2,0,0x0000000000000000,0,26,377.3
57795,1035,14001,P0,39,67.85,3,0,0x0000000000000000,0,26,377.3
58473,1012,14001,P0,38,68.00,4,0,0x0000000000000000,0,26,377.3
59141,1102,14001,P0,38,68.07,2,0,0x0000000000000000,0,26,377.3
59804,960,14001,P0,38,67.79,2,0,0x0000000000000000,0,26,377.3
60536,997,14001,P0,38,66.15,2,0,0x0000000000000000,0,26,377.3
61197,945,14001,P0,38,66.33,3,0,0x0000000000000000,0,26,377.3
61875,982,14001,P0,38,65.93,2,0,0x0000000000000000,0,26,377.3
62543,930,14001,P0,38,65.11,2,0,0x0000000000000000,0,26,377.3
63212,892,14001,P0,38,65.24,3,0,0x0000000000000000,0,26,377.3
63870,990,14001,P0,38,66.05,3,0,0x0000000000000000,0,26,377.3
64561,930,14001,P0,38,65.19,2,0,0x0000000000000000,0,26,377.3
65252,900,14001,P0,38,64.69,2,0,0x0000000000000000,0,26,377.3
66002,990,14001,P0,38,65.37,3,0,0x0000000000000000,0,26,377.3
66672,1230,14001,P0,38,68.72,6,0,0x0000000000000000,0,26,377.3
67346,1455,14001,P0,38,72.25,2,0,0x0000000000000000,0,26,377.3
68042,1035,14001,P0,38,66.35,2,0,0x0000000000000000,0,26,377.3
68772,1057,14001,P0,38,65.98,2,0,0x0000000000000000,0,26,377.3
69483,997,14001,P0,38,65.77,2,0,0x0000000000000000,0,26,377.3
70138,1080,14001,P0,38,67.35,4,0,0x0000000000000000,0,26,377.3
70799,1147,14001,P0,38,68.68,2,0,0x0000000000000000,0,26,377.3
71477,1147,14001,P0,38,68.60,3,0,0x0000000000000000,0,26,377.3
72146,1125,14001,P0,38,68.15,2,0,0x0000000000000000,0,26,377.3
72806,1185,14001,P0,38,68.46,3,0,0x0000000000000000,0,26,377.3
73467,1125,14001,P0,38,68.61,4,0,0x0000000000000000,0,26,377.3
74175,1072,14001,P0,38,67.86,2,0,0x0000000000000000,0,26,377.3
74827,1155,14001,P0,38,68.15,3,0,0x0000000000000000,0,26,377.3
75505,1170,14001,P0,38,68.45,4,0,0x0000000000000000,0,26,377.3
76171,1155,14001,P0,38,68.50,3,0,0x0000000000000000,0,26,377.3
76823,1192,14001,P0,38,68.95,3,0,0x0000000000000000,0,26,377.3
77490,1065,14001,P0,38,68.15,4,0,0x0000000000000000,0,26,377.3
78141,1035,14001,P0,38,68.21,3,0,0x0000000000000000,0,26,377.3
78986,1042,14001,P0,38,68.18,3,0,0x0000000000000000,0,26,377.3
79795,1102,14001,P0,38,69.17,4,0,0x0000000000000000,0,26,377.3
80461,1155,14001,P0,38,68.66,3,0,0x0000000000000000,0,26,377.3
81144,1170,14001,P0,38,68.96,2,0,0x0000000000000000,0,26,377.3
81811,1207,14001,P0,38,69.35,3,0,0x0000000000000000,0,26,377.3
82585,1230,14001,P0,38,69.88,4,0,0x0000000000000000,0,26,377.3
83265,1125,14001,P0,38,69.53,4,0,0x0000000000000000,0,26,377.3
83979,1237,14001,P0,38,70.26,3,0,0x0000000000000000,0,26,377.3
84670,1230,14001,P0,38,70.19,2,0,0x0000000000000000,0,26,377.3
85351,1207,14001,P0,37,69.85,4,0,0x0000000000000000,0,26,377.3
86025,1200,14001,P0,37,70.19,3,0,0x0000000000000000,0,26,377.3
86895,1207,14001,P0,37,69.96,3,0,0x0000000000000000,0,26,377.3
87752,1215,14001,P0,38,71.17,5,0,0x0000000000000000,0,26,377.3
88423,1192,14001,P0,38,71.57,4,0,0x0000000000000000,0,26,377.3
89072,1132,14001,P0,37,69.25,4,0,0x0000000000000000,0,26,377.3
89744,1207,14001,P0,37,68.52,3,0,0x0000000000000000,0,26,377.3
90392,1170,14001,P0,37,69.11,3,0,0x0000000000000000,0,26,377.3
91060,1050,14001,P0,37,68.71,4,0,0x0000000000000000,0,26,377.3
91730,1072,14001,P0,37,68.55,3,0,0x0000000000000000,0,26,377.3
92402,1147,14001,P0,37,68.82,5,0,0x0000000000000000,0,26,377.3
93073,1162,14001,P0,37,68.72,4,0,0x0000000000000000,0,26,377.3
93759,1117,14001,P0,37,68.49,3,0,0x0000000000000000,0,26,377.3
94455,1147,14001,P0,37,68.88,3,0,0x0000000000000000,0,26,377.3
95128,1117,14001,P0,37,68.36,3,0,0x0000000000000000,0,26,377.3
95806,1170,14001,P0,37,69.03,5,0,0x0000000000000000,0,26,377.3
96465,1117,14001,P0,37,68.57,5,0,0x0000000000000000,0,26,377.3
97143,1147,14001,P0,37,68.54,2,0,0x0000000000000000,0,26,377.3
97798,1087,14001,P0,37,68.35,3,0,0x0000000000000000,0,26,377.3
98467,1117,14001,P0,37,68.48,2,0,0x0000000000000000,0,26,377.3
99143,1207,14001,P0,37,68.41,2,0,0x0000000000000000,0,26,377.3
99939,1102,14001,P0,37,69.07,3,0,0x0000000000000000,0,26,377.3
100771,1200,14001,P0,37,69.58,4,0,0x0000000000000000,0,26,377.3
101478,1342,14001,P0,37,70.43,3,0,0x0000000000000000,0,26,377.3
102159,1170,14001,P0,37,68.71,5,0,0x0000000000000000,0,26,377.3
102873,1162,14001,P0,37,69.16,5,0,0x0000000000000000,0,26,377.3
103536,1117,14001,P0,37,68.61,3,0,0x0000000000000000,0,26,377.3
104191,1147,14001,P0,37,68.73,3,0,0x0000000000000000,0,26,377.3
104869,1215,14001,P0,37,68.75,2,0,0x0000000000000000,0,26,377.3
105535,1147,14001,P0,37,67.91,3,0,0x0000000000000000,0.46,26,383.7
106211,2745,14001,P0,50,282.83,96,38,0x0000000000000004,1.53,26,383.7
106866,2805,14001,P0,51,510.29,97,38,0x0000000000000004,1.3,26,383.7
107587,2850,14001,P0,53,556.11,96,38,0x0000000000000004,1.98,26,376.6
108286,2820,14001,P0,53,554.95,96,35,0x0000000000000004,1.21,26,376.6
108950,2820,14001,P0,53,574.90,97,33,0x0000000000000004,0.56,26,376.6
109623,2820,14001,P0,55,569.17,97,31,0x0000000000000004,1.39,26,376.6
110288,2820,14001,P0,55,574.18,97,30,0x0000000000000004,0.83,26,376.6
110997,2827,14001,P0,54,574.78,98,22,0x0000000000000004,1.63,26,376.6
111743,2835,14001,P0,53,536.16,95,28,0x0000000000000000,1.55,26,376.7
112414,2835,14001,P0,50,511.99,99,68,0x0000000000000000,1.69,26,376.7
113091,2880,14001,P0,55,436.15,97,38,0x0000000000000004,1.49,26,377.2
113763,2820,14001,P0,52,515.58,97,35,0x0000000000000004,1.62,26,377.2
114469,2820,14001,P0,52,559.51,97,32,0x0000000000000000,1.05,26,377.2
115121,2827,14001,P0,56,538.29,96,31,0x0000000000000004,1.46,26,377.2
115797,2827,14001,P0,57,548.48,97,30,0x0000000000000004,1.41,26,377.2
116470,2827,14001,P0,57,557.64,97,28,0x0000000000000004,0.93,26,377.2
117164,2835,14001,P0,57,557.06,98,27,0x0000000000000004,1.27,26,377.2
117874,2835,14001,P0,58,553.91,98,38,0x0000000000000004,2.13,26,377.3
118556,2910,14001,P0,51,418.29,99,70,0x0000000000000000,1.97,26,377.5
119234,2820,14001,P0,54,463.34,96,37,0x0000000000000004,1.49,26,377.5
119902,2812,14001,P0,58,541.89,97,34,0x0000000000000004,1.51,26,377.5
120555,2820,14001,P0,59,563.00,97,32,0x0000000000000004,0.71,26,377.5
121198,2827,14001,P0,58,567.91,97,30,0x0000000000000004,1.09,26,377.5
121900,2820,14001,P0,59,566.55,99,23,0x0000000000000004,1.64,26,377.5
122561,2827,14001,P0,59,553.14,99,21,0x0000000000000004,1.46,26,377.5
123221,2827,14001,P0,59,552.52,95,27,0x0000000000000004,1.53,26,377.6
123920,2850,14001,P0,53,533.20,99,70,0x0000000000000000,3.01,26,377.6
124587,2910,14001,P0,56,416.26,97,47,0x0000000000000004,1.65,26,386
125269,2805,14001,P0,58,487.30,97,31,0x0000000000000004,1.3,26,386
125990,2812,14001,P0,60,558.77,98,29,0x0000000000000004,1.37,26,386
126785,2820,14001,P0,57,566.20,95,30,0x0000000000000000,0.94,26,386
127469,2827,14001,P0,58,551.68,96,30,0x0000000000000004,0.71,26,386
128110,2835,14001,P0,57,534.71,96,28,0x0000000000000000,0.94,26,386
128782,2835,14001,P0,62,551.56,97,28,0x0000000000000004,1.17,26,386
129461,2827,14001,P0,61,565.65,98,25,0x0000000000000004,2.47,26,386
130144,2902,14001,P0,54,445.01,99,69,0x0000000000000000,2.64,26,386
131054,2902,14001,P0,58,420.02,95,38,0x0000000000000004,1.72,26,387.9
131789,2812,14001,P0,61,567.22,97,33,0x0000000000000004,0.77,26,386.3
132456,2812,14001,P0,61,554.85,97,33,0x0000000000000004,1.18,26,386.3
133161,2805,14001,P0,62,566.42,98,23,0x0000000000000004,1.29,26,386.3
133806,2827,14001,P0,63,559.95,97,24,0x0000000000000004,1.35,26,386.3
134474,2820,14001,P0,63,565.67,99,20,0x0000000000000004,0.59,26,386.3
135160,2812,14001,P0,63,570.42,99,20,0x0000000000000004,2.23,26,386.3
135975,2902,14001,P0,56,508.71,99,67,0x0000000000000000,2.99,26,386.3
136631,2857,14001,P0,58,450.50,96,37,0x0000000000000004,0.76,26,387.7
137300,2805,14001,P0,61,531.09,97,34,0x0000000000000004,0.83,26,387.7
137977,2805,14001,P0,63,566.77,97,32,0x0000000000000004,1.39,26,387.7
138663,2805,14001,P0,64,571.36,98,24,0x0000000000000004,1.27,26,387.7
139317,2812,14001,P0,63,565.61,97,31,0x0000000000000004,1.04,26,387.7
139975,2820,14001,P0,64,569.57,97,29,0x0000000000000004,1.08,26,387.7
140656,2820,14001,P0,64,570.92,98,26,0x0000000000000004,1.06,26,387.7
141304,2812,14001,P0,58,550.82,99,69,0x0000000000000000,2.36,26,387.7
141976,2902,14001,P0,57,413.58,99,69,0x0000000000000000,2.79,26,388.9
142665,2797,14001,P0,63,479.36,97,33,0x0000000000000004,1.39,26,388.9
143466,2797,14001,P0,63,554.34,97,35,0x0000000000000004,1.5,26,388.9
144129,2812,14001,P0,63,566.33,96,31,0x0000000000000004,0.87,26,388.9
144796,2805,14001,P0,64,568.10,99,23,0x0000000000000004,1.65,26,388.9
145527,2812,14001,P0,65,566.39,98,29,0x0000000000000004,0.93,26,388.9
146200,2820,14001,P0,64,567.59,98,24,0x0000000000000004,1.51,26,388.9
146862,2812,14001,P0,65,569.51,99,20,0x0000000000000004,1.29,26,390.7
147511,2797,14001,P0,61,541.49,97,36,0x0000000000000004,1.68,26,390.7
148186,2797,14001,P0,63,569.14,97,33,0x0000000000000004,0.58,26,390.7
148839,2805,14001,P0,65,568.38,97,32,0x0000000000000004,1.41,26,390.7
149481,2805,14001,P0,65,573.11,98,25,0x0000000000000004,1.45,26,390.7
150144,2812,14001,P0,65,569.29,97,29,0x0000000000000004,1.68,26,390.7
150802,2812,14001,P0,66,568.02,97,29,0x0000000000000004,1.17,26,390.7
151483,2805,14001,P0,66,569.08,96,28,0x0000000000000004,1.41,26,390.7
152141,2902,14001,P0,59,508.03,99,71,0x0000000000000000,3.68,26,390.7
152790,2902,14001,P0,59,439.08,99,68,0x0000000000000000,2.29,26,391.5
153445,2827,14001,P0,64,467.82,97,33,0x0000000000000004,2.05,26,391.5
154245,2797,14001,P0,66,570.80,97,34,0x0000000000000004,1.17,26,391.5
155036,2805,14001,P0,66,572.10,98,28,0x0000000000000004,1.26,26,391.5
155761,2812,14001,P0,62,567.50,97,30,0x0000000000000004,1.11,26,391.5
156539,2812,14001,P0,65,571.69,96,28,0x0000000000000004,1.28,26,391.5
157200,2820,14001,P0,66,563.27,97,28,0x0000000000000004,1.22,26,391.5
157865,2820,14001,P0,61,546.37,99,70,0x0000000000000000,3.65,26,391.5
158521,2902,14001,P0,59,419.05,99,67,0x0000000000000000,2.35,26,392
159182,2790,14001,P0,64,493.47,97,36,0x0000000000000004,1.06,26,392
159838,2790,14001,P0,65,570.48,97,34,0x0000000000000004,1.8,26,392
160502,2797,14001,P0,66,573.06,98,25,0x0000000000000004,1.29,26,392
161218,2797,14001,P0,63,571.30,97,30,0x0000000000000004,0.82,26,392
162102,2812,14001,P0,60,555.40,57,20,0x0000000000000000,1.29,26,392
162837,2827,14001,P0,67,479.27,98,26,0x0000000000000004,1.32,26,392
163515,2812,14001,P0,66,524.02,95,25,0x0000000000000004,1.4,26,392
164161,2902,14001,P0,60,475.86,99,70,0x0000000000000000,2.86,26,392
164881,2902,14001,P0,60,433.49,99,70,0x0000000000000000,0.95,26,392
165541,2910,14001,P0,53,185.75,6,0,0x0000000000000000,0,26,392
166246,2910,14001,P0,53,118.54,4,0,0x0000000000000000,0,26,392
166900,2910,14001,P0,53,118.08,5,0,0x0000000000000000,0,26,392
167549,1770,14001,P0,51,86.81,5,0,0x0000000000000000,0,26,392
168228,1612,14001,P0,51,85.69,7,0,0x0000000000000000,0,26,392
168902,1627,14001,P0,51,84.84,7,1,0x0000000000000000,0,26,392
169565,1537,14001,P0,50,84.67,7,0,0x0000000000000000,0,26,392
170269,1515,14001,P0,50,83.43,6,0,0x0000000000000000,0,26,392
170907,1537,14001,P0,50,83.35,6,0,0x0000000000000000,0,26,392
171559,1500,14001,P0,49,82.84,7,0,0x0000000000000000,0,26,392
172261,1500,14001,P0,49,82.98,6,0,0x0000000000000000,0,26,392
172902,1455,14001,P0,49,82.71,7,0,0x0000000000000000,0,26,392
173543,1455,14001,P0,49,81.35,7,0,0x0000000000000000,0,26,392
174191,1455,14001,P0,48,80.89,5,0,0x0000000000000000,0,26,392
174831,1485,14001,P0,48,81.12,6,0,0x0000000000000000,0,26,392
175488,1470,14001,P0,48,81.24,7,0,0x0000000000000000,0,26,392
176171,1402,14001,P0,48,81.41,6,0,0x0000000000000000,0,26,392
176868,1507,14001,P0,48,81.23,6,0,0x0000000000000000,0,26,392
177528,1492,14001,P0,48,81.80,8,1,0x0000000000000000,0,26,392
178180,1470,14001,P0,47,80.81,6,0,0x0000000000000000,0,26,392
178839,1485,14001,P0,47,80.33,7,0,0x0000000000000000,0,26,392
179499,1515,14001,P0,47,81.58,8,0,0x0000000000000000,0,26,392
180152,1485,14001,P0,47,81.74,6,0,0x0000000000000000,0,26,392
180794,1492,14001,P0,47,81.50,7,1,0x0000000000000000,0,26,392
181472,1522,14001,P0,46,80.85,5,0,0x0000000000000000,0,26,392
182127,1432,14001,P0,46,80.09,6,0,0x0000000000000000,0,26,392
182781,1575,14001,P0,46,80.45,8,1,0x0000000000000000,0,26,392
183429,1417,14001,P0,46,80.10,6,0,0x0000000000000000,0,26,392
184097,1357,14001,P0,46,77.48,5,0,0x0000000000000000,0,26,392
184757,1470,14001,P0,45,77.56,5,0,0x0000000000000000,0,26,392
185395,1485,14001,P0,45,78.50,5,0,0x0000000000000000,0,26,392
186061,1440,14001,P0,45,78.23,5,0,0x0000000000000000,0,26,392
186746,1500,14001,P0,45,78.05,6,0,0x0000000000000000,0,26,392
187502,1477,14001,P0,45,78.78,6,0,0x0000000000000000,0,26,392
188169,1687,14001,P0,45,81.12,6,0,0x0000000000000000,0,26,392
188831,1567,14001,P0,45,82.47,9,0,0x0000000000000000,0,26,392
189468,1702,14001,P0,45,82.99,6,0,0x0000000000000000,0,26,392
190140,1477,14001,P0,45,80.08,6,0,0x0000000000000000,0,26,392
190897,1792,14001,P0,45,82.31,8,1,0x0000000000000000,0,26,392
191621,1522,14001,P0,44,81.29,6,0,0x0000000000000000,0,26,392
192460,1665,14001,P0,44,81.18,8,0,0x0000000000000000,0,26,392
193187,1702,14001,P0,44,82.79,6,0,0x0000000000000000,0,26,392
193856,1612,14001,P0,44,81.84,8,1,0x0000000000000000,0,26,392
194499,1680,14001,P0,44,86.18,6,1,0x0000000000000000,0,26,392
195159,1605,14001,P0,44,80.82,5,0,0x0000000000000000,0,26,392
195807,1605,14001,P0,44,78.68,6,0,0x0000000000000000,0,26,392
196530,1597,14001,P0,44,79.25,5,0,0x0000000000000000,0,26,392
197182,1515,14001,P0,43,77.68,5,0,0x0000000000000000,0,26,392
197843,1462,14001,P0,43,77.53,5,0,0x0000000000000000,0,26,392
198565,1500,14001,P0,43,78.03,6,0,0x0000000000000000,0,26,392
199325,1575,14001,P0,43,79.60,7,0,0x0000000000000000,0,26,392
199978,1432,14001,P0,43,77.14,6,0,0x0000000000000000,0,26,392
200616,1410,14001,P0,43,77.26,6,0,0x0000000000000000,0,26,392
201325,1440,14001,P0,43,77.34,5,0,0x0000000000000000,0,26,392
201985,1425,14001,P0,43,77.35,6,0,0x0000000000000000,0,26,392
202649,1380,14001,P0,43,76.49,7,0,0x0000000000000000,0,26,392
203307,1485,14001,P0,43,77.35,7,0,0x0000000000000000,0,26,392
204020,1447,14001,P0,43,78.27,7,0,0x0000000000000000,0,26,392
204808,1530,14001,P0,43,78.56,6,0,0x0000000000000000,0,26,392
205562,1627,14001,P0,42,78.40,5,0,0x0000000000000000,0,26,392
206228,1545,14001,P0,42,79.52,6,0,0x0000000000000000,0,26,392
206878,1582,14001,P0,42,79.52,7,0,0x0000000000000000,0,26,392
207549,1500,14001,P0,42,78.49,5,0,0x0000000000000000,0,26,392
208237,1522,14001,P0,42,77.81,7,0,0x0000000000000000,0,26,392
208924,1545,14001,P0,42,79.73,10,1,0x0000000000000000,0,26,392
209599,1612,14001,P0,42,80.67,6,0,0x0000000000000000,0,26,392
210267,1590,14001,P0,42,79.48,5,0,0x0000000000000000,0,26,392
211004,1560,14001,P0,42,78.71,6,0,0x0000000000000000,0,26,392
211717,1545,14001,P0,42,78.29,7,0,0x0000000000000000,0,26,392
212470,1552,14001,P0,42,78.61,6,0,0x0000000000000000,0,26,392
213161,1635,14001,P0,42,79.86,5,0,0x0000000000000000,0,26,392
213813,1470,14001,P0,42,78.94,6,0,0x0000000000000000,0,26,392
214470,1522,14001,P0,41,77.24,5,0,0x0000000000000000,0,26,392
215126,1530,14001,P0,41,76.30,5,0,0x0000000000000000,0,26,392
215780,1515,14001,P0,41,77.21,7,0,0x0000000000000000,0,26,392
216449,1530,14001,P0,41,77.79,6,0,0x0000000000000000,0,26,392
217108,1560,14001,P0,41,77.99,5,0,0x0000000000000000,0,26,392
217774,1560,14001,P0,41,78.35,6,0,0x0000000000000000,0,26,392
218431,1582,14001,P0,41,77.97,6,0,0x0000000000000000,0,26,392
219098,1522,14001,P0,41,78.29,6,0,0x0000000000000000,0,26,392
219748,1582,14001,P0,41,79.72,9,1,0x0000000000000000,0,26,392
220433,1830,14001,P0,41,82.50,6,0,0x0000000000000000,0,26,392
221075,1725,14001,P0,41,85.13,8,0,0x0000000000000000,0,26,392
221739,1642,14001,P0,41,84.28,9,1,0x0000000000000000,0,26,392
222388,1650,14001,P0,41,83.17,5,0,0x0000000000000000,0,26,392
223056,1800,14001,P0,41,79.19,6,0,0x0000000000000000,0,26,392
223756,1920,14001,P0,41,82.91,9,1,0x0000000000000000,0,26,392
224417,2017,14001,P0,41,88.32,9,1,0x0000000000000000,0,26,392
225083,1807,14001,P0,41,82.87,7,0,0x0000000000000000,0,26,392
225728,1732,14001,P0,41,81.21,7,1,0x0000000000000000,0,26,392
226399,1665,14001,P0,41,78.86,5,0,0x0000000000000000,0,26,392
227046,1657,14001,P0,40,78.51,5,0,0x0000000000000000,0,26,392
227742,1650,14001,P0,40,79.05,6,0,0x0000000000000000,0,26,392
228415,1552,14001,P0,40,78.46,5,0,0x0000000000000000,0,26,392
229067,1575,14001,P0,40,77.64,5,0,0x0000000000000000,0,26,392
229751,1807,14001,P0,40,80.38,6,0,0x0000000000000000,0,26,392
230419,1642,14001,P0,40,81.32,5,0,0x0000000000000000,0,26,392
231089,1807,14001,P0,40,83.39,5,0,0x0000000000000000,0,26,392
231743,1672,14001,P0,40,81.08,5,0,0x0000000000000000,0,26,392
232449,1665,14001,P0,40,78.56,5,0,0x0000000000000000,0,26,392
233087,1612,14001,P0,40,78.63,5,0,0x0000000000000000,0,26,392
233737,1567,14001,P0,40,78.22,6,0,0x0000000000000000,0,26,392
234407,1597,14001,P0,40,78.54,5,0,0x0000000000000000,0,26,392
235059,1552,14001,P0,40,76.95,5,0,0x0000000000000000,0,26,392
235721,1455,14001,P0,40,76.62,6,0,0x0000000000000000,0,26,392
236389,1567,14001,P0,40,76.73,5,0,0x0000000000000000,0,26,392
237082,1590,14001,P0,40,77.78,5,0,0x0000000000000000,0,26,392
237739,1575,14001,P0,40,78.92,6,0,0x0000000000000000,0,26,392
238396,1590,14001,P0,40,79.36,5,0,0x0000000000000000,0,26,392
239040,1597,14001,P0,40,77.89,5,0,0x0000000000000000,0,26,392
239695,1552,14001,P0,40,78.06,5,0,0x0000000000000000,0,26,392
240362,1597,14001,P0,40,78.04,5,0,0x0000000000000000,0,26,392
241035,1815,14001,P0,40,80.94,10,1,0x0000000000000000,0,26,392
241706,1792,14001,P0,40,82.90,5,0,0x0000000000000000,0,26,392
242361,1860,14001,P0,40,82.75,3,0,0x0000000000000000,0,26,392
243033,1282,14001,P0,39,72.18,3,0,0x0000000000000000,0.12,26,392
243696,1860,14001,P0,40,77.07,8,0,0x0000000000000000,0,26,392
244350,2032,14001,P0,40,85.50,9,0,0x0000000000000000,0,26,392
245019,1320,14001,P0,39,72.97,4,0,0x0000000000000000,0,26,392
245667,1215,14001,P0,39,69.49,1,0,0x0000000000000000,0,26,392
246377,1192,14001,P0,39,69.12,4,0,0x0000000000000000,0,26,392
247040,1072,14001,P0,39,69.24,4,0,0x0000000000000000,0,26,392
247692,1162,14001,P0,39,68.61,3,0,0x0000000000000000,0,26,392
248326,1110,14001,P0,39,68.78,5,0,0x0000000000000000,0,26,392
248964,1162,14001,P0,39,68.41,2,0,0x0000000000000000,0,26,392
249628,1087,14001,P0,39,68.17,2,0,0x0000000000000000,0,26,392
250309,1035,14001,P0,39,67.45,3,0,0x0000000000000000,0,26,392
250960,1065,14001,P0,39,67.75,3,0,0x0000000000000000,0,26,392
251620,1065,14001,P0,39,67.92,3,0,0x0000000000000000,0,26,392
252258,997,14001,P0,39,67.83,4,0,0x0000000000000000,0,26,392
252909,1042,14001,P0,39,67.67,2,0,0x0000000000000000,0,26,392
253574,1072,14001,P0,39,69.04,3,0,0x0000000000000000,0,26,392
254218,1132,14001,P0,39,69.09,3,0,0x0000000000000000,0,26,392
254883,1035,14001,P0,39,68.50,3,0,0x0000000000000000,0,26,392
255530,1402,14001,P0,39,72.56,3,0,0x0000000000000000,0,26,392
256162,1222,14001,P0,39,72.10,4,0,0x0000000000000000,0,26,392
256851,1155,14001,P0,39,68.65,3,0,0x0000000000000000,0,26,392
257540,1147,14001,P0,39,68.71,3,0,0x0000000000000000,0,26,392
258207,1200,14001,P0,39,68.73,2,0,0x0000000000000000,0,26,392
258870,1102,14001,P0,38,68.30,2,0,0x0000000000000000,0,26,392
259535,1072,14001,P0,38,68.17,2,0,0x0000000000000000,0,26,392
260195,1095,14001,P0,38,68.07,4,0,0x0000000000000000,0,26,392
260847,1035,14001,P0,38,67.24,3,0,0x0000000000000000,0,26,392
261536,1050,14001,P0,38,67.66,3,0,0x0000000000000000,0,26,392
262174,1155,14001,P0,38,68.51,4,0,0x0000000000000000,0,26,392
262809,1020,14001,P0,39,71.27,8,0,0x0000000000000000,0,26,392
263469,1305,14001,P0,38,72.87,4,0,0x0000000000000000,0,26,392
264128,1162,14001,P0,38,67.99,3,0,0x0000000000000000,0,26,392
264793,1110,14001,P0,38,68.21,3,0,0x0000000000000000,0,26,392
265454,1155,14001,P0,38,68.15,2,0,0x0000000000000000,0,26,392
266102,1117,14001,P0,38,67.70,3,0,0x0000000000000000,0,26,392
266744,1042,14001,P0,38,67.87,2,0,0x0000000000000000,0,26,392
267394,1020,14001,P0,38,67.36,2,0,0x0000000000000000,0,26,392
268120,1020,14001,P0,38,67.88,4,0,0x0000000000000000,0,26,392
268782,1777,14001,P0,38,72.00,3,0,0x0000000000000000,0,26,392
269426,1237,14001,P0,38,72.78,4,0,0x0000000000000000,0,26,392
270084,1132,14001,P0,38,67.63,3,0,0x0000000000000000,0,26,392
270742,1245,14001,P0,38,67.85,3,0,0x0000000000000000,0,26,392
271418,1095,14001,P0,38,68.13,3,0,0x0000000000000000,0,26,392
272058,1110,14001,P0,38,68.04,3,0,0x0000000000000000,0,26,392
272711,1125,14001,P0,38,68.23,3,0,0x0000000000000000,0,26,392
273358,1117,14001,P0,38,68.63,4,0,0x0000000000000000,0,26,392
274032,1590,14001,P0,38,73.03,3,0,0x0000000000000000,0,26,392
274689,1305,14001,P0,38,72.97,3,0,0x0000000000000000,0,26,392
275416,1980,14001,P0,38,75.74,3,0,0x0000000000000000,0,26,392
276059,1852,14001,P0,38,77.94,3,0,0x0000000000000000,0,26,392
276694,1305,14001,P0,38,75.75,4,0,0x0000000000000000,0,26,392
277383,1200,14001,P0,38,69.58,3,0,0x0000000000000000,0,26,392
278063,1170,14001,P0,38,69.38,4,0,0x0000000000000000,0,26,392
278722,1192,14001,P0,38,68.67,3,0,0x0000000000000000,0,26,392
279369,1095,14001,P0,38,68.81,5,0,0x0000000000000000,0,26,392
280036,1080,14001,P0,38,68.20,2,0,0x0000000000000000,0,26,392
280694,1125,14001,P0,38,67.82,4,0,0x0000000000000000,0,26,392
281332,1042,14001,P0,38,67.26,3,0,0x0000000000000000,0,26,392
281997,1080,14001,P0,38,68.20,3,0,0x0000000000000000,0,26,392
282682,1102,14001,P0,38,68.54,3,0,0x0000000000000000,0,26,392
283348,1095,14001,P0,38,68.04,2,0,0x0000000000000000,0,26,392
284000,1140,14001,P0,38,67.90,4,0,0x0000000000000000,0,26,392
284634,1080,14001,P0,38,68.05,3,0,0x0000000000000000,0,26,392
285266,1095,14001,P0,38,67.40,2,0,0x0000000000000000,0,26,392
285951,1080,14001,P0,38,67.14,2,0,0x0000000000000000,0,26,392
286634,1102,14001,P0,38,68.26,3,0,0x0000000000000000,0,26,392
287294,1110,14001,P0,38,67.92,3,0,0x0000000000000000,0,26,392
287951,1170,14001,P0,38,68.31,2,0,0x0000000000000000,0,26,392
288653,1170,14001,P0,38,71.79,9,1,0x0000000000000000,0,26,392
289339,1275,14001,P0,38,72.61,2,0,0x0000000000000000,0,26,392
289994,1192,14001,P0,37,68.45,2,0,0x0000000000000000,0,26,392
290664,1245,14001,P0,37,68.87,3,0,0x0000000000000000,0,26,392
291362,1162,14001,P0,38,69.37,2,0,0x0000000000000000,0,26,392
292050,1402,14001,P0,37,71.02,3,0,0x0000000000000000,0,26,392
292828,1192,14001,P0,38,72.62,8,1,0x0000000000000000,0,26,392
293470,1987,14001,P0,38,78.77,6,0,0x0000000000000000,0,26,392
294101,1575,14001,P0,38,80.20,7,1,0x0000000000000000,0,26,392
294805,1590,14001,P0,38,75.42,6,0,0x0000000000000000,0,26,392
295620,1575,14001,P0,38,76.46,6,0,0x0000000000000000,0,26,392
296287,1522,14001,P0,38,76.74,5,0,0x0000000000000000,0,26,392
296950,1590,14001,P0,38,77.04,8,1,0x0000000000000000,0,26,392
297678,1612,14001,P0,38,78.29,7,1,0x0000000000000000,0,26,392
298369,1560,14001,P0,38,78.08,5,0,0x0000000000000000,0,26,392
299047,1560,14001,P0,38,78.04,5,0,0x0000000000000000,0,26,392
299727,1582,14001,P0,38,76.96,6,0,0x0000000000000000,0,26,392
300404,1560,14001,P0,38,77.44,6,0,0x0000000000000000,0,26,392
301077,1545,14001,P0,38,77.81,5,0,0x0000000000000000,0,26,392
301738,1575,14001,P0,38,77.40,6,0,0x0000000000000000,0,26,392
302402,1507,14001,P0,38,76.25,4,0,0x0000000000000000,0,26,392
303066,1530,14001,P0,38,76.98,4,0,0x0000000000000000,0,26,392
303714,1537,14001,P0,38,76.61,7,1,0x0000000000000000,0,26,392
304361,1477,14001,P0,37,75.53,5,0,0x0000000000000000,0,26,392
305025,1522,14001,P0,38,75.75,6,0,0x0000000000000000,0,26,392
305700,1612,14001,P0,38,77.91,8,1,0x0000000000000000,0,26,392
306372,1567,14001,P0,38,78.08,5,0,0x0000000000000000,0,26,392
307028,1530,14001,P0,37,77.24,5,0,0x0000000000000000,0,26,392
307686,1515,14001,P0,37,77.09,7,0,0x0000000000000000,0,26,392
308393,1515,14001,P0,38,77.00,5,0,0x0000000000000000,0,26,392
309065,1522,14001,P0,37,77.76,5,0,0x0000000000000000,0,26,392
309762,1567,14001,P0,37,77.12,6,0,0x0000000000000000,0,26,392
310407,1560,14001,P0,37,77.17,5,0,0x0000000000000000,0,26,392
311064,1740,14001,P0,38,79.62,8,0,0x0000000000000000,0,26,392
311737,1627,14001,P0,37,80.47,6,0,0x0000000000000000,0,26,392
312406,1620,14001,P0,38,78.43,5,0,0x0000000000000000,0,26,392
313045,1650,14001,P0,38,77.34,6,0,0x0000000000000000,0,26,392
313694,1507,14001,P0,37,77.20,6,0,0x0000000000000000,0,26,392
314397,1545,14001,P0,37,76.64,4,0,0x0000000000000000,0,26,392
315051,1702,14001,P0,38,83.30,4,0,0x0000000000000000,0,26,392
315708,1582,14001,P0,38,79.00,10,1,0x0000000000000000,0,26,392
316367,1650,14001,P0,37,78.45,4,0,0x0000000000000000,0,26,392
317038,1537,14001,P0,37,75.88,6,0,0x0000000000000000,0,26,392
317704,1635,14001,P0,38,78.52,9,1,0x0000000000000000,0,26,392
318372,1695,14001,P0,38,80.64,9,1,0x0000000000000000,0,26,392
319040,1650,14001,P0,38,81.50,6,0,0x0000000000000000,0,26,392
319704,1905,14001,P0,38,81.50,6,0,0x0000000000000000,0,26,392
320420,1552,14001,P0,38,80.77,6,0,0x0000000000000000,0,26,392
321071,2032,14001,P0,38,80.76,6,0,0x0000000000000000,0,26,392
321738,1867,14001,P0,38,85.77,12,1,0x0000000000000000,0,26,392
322402,1807,14001,P0,37,83.64,5,0,0x0000000000000000,0,26,392
323062,1627,14001,P0,37,75.90,6,0,0x0000000000000000,0,26,392
323702,1620,14001,P0,37,76.66,6,0,0x0000000000000000,0,26,392
324344,1522,14001,P0,37,76.69,5,0,0x0000000000000000,0,26,392
325014,1470,14001,P0,37,75.54,5,0,0x0000000000000000,0,26,392
325665,1500,14001,P0,37,75.19,6,0,0x0000000000000000,0,26,392
326331,1485,14001,P0,37,74.64,4,0,0x0000000000000000,0,26,392
326993,1447,14001,P0,37,75.08,5,0,0x0000000000000000,0,26,392
327691,1425,14001,P0,37,75.28,6,1,0x0000000000000000,0,26,392
328342,1507,14001,P0,37,75.08,5,0,0x0000000000000000,0,26,392
329007,1507,14001,P0,37,73.97,5,0,0x0000000000000000,0,26,392
329671,1462,14001,P0,37,75.29,6,0,0x0000000000000000,0,26,392
330318,1530,14001,P0,37,76.01,5,0,0x0000000000000000,0,26,392
331023,1425,14001,P0,37,75.31,6,0,0x0000000000000000,0,26,392
331667,1455,14001,P0,37,75.84,6,0,0x0000000000000000,0,26,392
332311,1567,14001,P0,37,76.17,7,0,0x0000000000000000,0,26,392
332956,1395,14001,P0,37,75.49,5,0,0x0000000000000000,0,26,392
333621,1425,14001,P0,37,75.55,5,0,0x0000000000000000,0,26,392
334284,1537,14001,P0,37,75.27,5,0,0x0000000000000000,0,26,392
334939,1447,14001,P0,37,75.12,5,0,0x0000000000000000,0,26,392
335598,1462,14001,P0,37,74.96,5,0,0x0000000000000000,0,26,392
336246,1567,14001,P0,37,75.67,6,0,0x0000000000000000,0,26,392
336887,1492,14001,P0,37,76.33,5,0,0x0000000000000000,0,26,392
337542,1567,14001,P0,37,76.31,5,0,0x0000000000000000,0,26,392
338179,1492,14001,P0,37,76.01,5,0,0x0000000000000000,0,26,392
338833,1372,14001,P0,37,74.53,5,0,0x0000000000000000,0,26,392
339510,1425,14001,P0,37,74.15,5,0,0x0000000000000000,0,26,392
340171,1477,14001,P0,37,74.17,6,0,0x0000000000000000,0,26,392
340830,1462,14001,P0,37,74.51,5,0,0x0000000000000000,0,26,392
341552,1530,14001,P0,37,74.60,5,0,0x0000000000000000,0,26,392
342234,1500,14001,P0,37,75.11,6,0,0x0000000000000000,0,26,392
342873,1447,14001,P0,37,75.94,5,0,0x0000000000000000,0,26,392
343533,1425,14001,P0,37,75.21,5,0,0x0000000000000000,0,26,392
344179,1492,14001,P0,37,75.06,6,0,0x0000000000000000,0,26,392
344828,1395,14001,P0,37,74.43,5,0,0x0000000000000000,0,26,392
345490,1447,14001,P0,37,75.19,6,0,0x0000000000000000,0,26,392
346150,1500,14001,P0,37,74.78,5,0,0x0000000000000000,0,26,392
346802,1432,14001,P0,37,74.64,5,0,0x0000000000000000,0,26,392
347438,1462,14001,P0,37,74.68,5,0,0x0000000000000000,0,26,392
348076,1470,14001,P0,37,75.21,5,0,0x0000000000000000,0,26,392
348730,1335,14001,P0,37,74.36,5,0,0x0000000000000000,0,26,392
349390,1447,14001,P0,37,74.19,6,0,0x0000000000000000,0,26,392
350052,1477,14001,P0,37,74.94,5,0,0x0000000000000000,0,26,392
350706,1342,14001,P0,37,74.21,7,0,0x0000000000000000,0,26,392
351355,1507,14001,P0,37,74.53,5,0,0x0000000000000000,0,26,392
352012,1455,14001,P0,37,74.70,7,0,0x0000000000000000,0,26,392
352707,1387,14001,P0,37,74.68,5,0,0x0000000000000000,0,26,392
353373,1507,14001,P0,37,75.23,8,1,0x0000000000000000,0,26,392
354029,1530,14001,P0,37,75.32,8,1,0x0000000000000000,0,26,392
354666,1395,14001,P0,37,74.53,5,0,0x0000000000000000,0,26,392
355324,1537,14001,P0,37,74.82,6,0,0x0000000000000000,0,26,392
355989,1485,14001,P0,37,75.22,6,0,0x0000000000000000,0,26,392
356655,1492,14001,P0,37,74.25,5,0,0x0000000000000000,0,26,392
357302,1455,14001,P0,37,74.91,7,0,0x0000000000000000,0,26,392
357958,1410,14001,P0,37,74.41,6,0,0x0000000000000000,0,26,392
358603,1455,14001,P0,37,75.01,5,0,0x0000000000000000,0,26,392
359269,1470,14001,P0,37,75.31,8,0,0x0000000000000000,0,26,392
359923,1477,14001,P0,37,74.99,5,0,0x0000000000000000,0,26,392
360588,1447,14001,P0,37,74.88,5,0,0x0000000000000000,0,26,392
361266,1545,14001,P0,37,74.95,7,1,0x0000000000000000,0,26,392
361940,1432,14001,P0,37,74.51,5,0,0x0000000000000000,0,26,392
362644,1380,14001,P0,37,73.68,5,0,0x0000000000000000,0,26,392
363292,1425,14001,P0,37,74.24,6,1,0x0000000000000000,0,26,392
363962,1462,14001,P0,37,74.87,5,0,0x0000000000000000,0,26,392
364652,1432,14001,P0,37,75.12,5,0,0x0000000000000000,0,26,392
365286,1492,14001,P0,37,74.50,5,0,0x0000000000000000,0,26,392
365954,1522,14001,P0,37,74.62,5,0,0x0000000000000000,0,26,392
366588,1575,14001,P0,37,75.62,5,0,0x0000000000000000,0,26,392
367254,1485,14001,P0,37,75.72,7,0,0x0000000000000000,0,26,392
367930,1485,14001,P0,37,74.93,5,0,0x0000000000000000,0,26,392
368624,1845,14001,P0,37,79.50,5,0,0x0000000000000000,0,26,392
369269,1935,14001,P0,37,82.62,8,1,0x0000000000000000,0,26,392
369917,1837,14001,P0,37,83.21,8,1,0x0000000000000000,0,26,392
370576,1410,14001,P0,37,76.26,7,1,0x0000000000000000,0,26,392
371235,1845,14001,P0,37,76.63,2,0,0x0000000000000000,0,26,392
371911,1545,14001,P0,37,77.30,5,0,0x0000000000000000,0,26,392
372572,1635,14001,P0,37,78.77,5,0,0x0000000000000000,0,26,392
373257,1575,14001,P0,37,77.09,5,0,0x0000000000000000,0,26,392
373907,1575,14001,P0,37,75.59,7,0,0x0000000000000000,0,26,392
374584,1410,14001,P0,37,74.21,4,0,0x0000000000000000,0,26,392
375257,1402,14001,P0,37,73.74,5,0,0x0000000000000000,0,26,392
375909,1530,14001,P0,37,74.45,6,0,0x0000000000000000,0,26,392
376673,1455,14001,P0,37,75.04,5,0,0x0000000000000000,0,26,392
377333,2002,14001,P0,37,80.76,7,0,0x0000000000000000,0,26,392
378024,1627,14001,P0,37,75.97,5,0,0x0000000000000000,0,26,392
378711,1860,14001,P0,37,77.93,8,1,0x0000000000000000,0,26,392
379398,1957,14001,P0,37,81.85,6,0,0x0000000000000000,0,26,392
380058,1650,14001,P0,37,80.08,6,0,0x0000000000000000,0,26,392
380728,1860,14001,P0,37,76.92,5,0,0x0000000000000000,0,26,392
381378,1575,14001,P0,37,76.47,7,0,0x0000000000000000,0,26,392
382045,1387,14001,P0,37,75.24,7,0,0x0000000000000000,0,26,392
382709,1515,14001,P0,37,73.79,5,0,0x0000000000000000,0,26,392
383424,1455,14001,P0,37,73.79,5,0,0x0000000000000000,0,26,392
384079,1410,14001,P0,37,73.40,5,0,0x0000000000000000,0,26,392
384727,1440,14001,P0,37,73.36,4,0,0x0000000000000000,0,26,392
385399,1417,14001,P0,37,73.42,6,0,0x0000000000000000,0,26,392
386066,1440,14001,P0,37,73.44,6,0,0x0000000000000000,0,26,392
386746,1500,14001,P0,37,73.75,5,0,0x0000000000000000,0,26,392
387454,1395,14001,P0,37,74.15,6,0,0x0000000000000000,0,26,392
388119,1402,14001,P0,37,73.12,5,0,0x0000000000000000,0,26,392
388765,1432,14001,P0,37,72.77,4,0,0x0000000000000000,0,26,392
389442,1440,14001,P0,37,73.95,6,0,0x0000000000000000,0,26,392
390076,1387,14001,P0,37,73.40,4,0,0x0000000000000000,0,26,392
390713,1455,14001,P0,37,73.36,4,0,0x0000000000000000,0,26,392
391382,1342,14001,P0,37,73.29,5,0,0x0000000000000000,0,26,392
392039,1327,14001,P0,37,73.57,7,0,0x0000000000000000,0,26,392
392671,1470,14001,P0,37,73.37,4,0,0x0000000000000000,0,26,392
393341,1380,14001,P0,37,72.83,6,0,0x0000000000000000,0,26,392
394010,1372,14001,P0,37,72.97,5,0,0x0000000000000000,0,26,392
394670,1387,14001,P0,37,73.32,8,1,0x0000000000000000,0,26,392
395319,1770,14001,P0,37,77.70,5,0,0x0000000000000000,0,26,392
396007,1665,14001,P0,37,78.12,5,0,0x0000000000000000,0,26,392
396651,1492,14001,P0,37,72.86,5,0,0x0000000000000000,0,26,392
397358,1447,14001,P0,37,73.35,5,0,0x0000000000000000,0,26,392
398009,1410,14001,P0,37,74.18,5,0,0x0000000000000000,0,26,392
398648,1417,14001,P0,37,73.60,5,0,0x0000000000000000,0,26,392
399311,1425,14001,P0,37,72.92,4,0,0x0000000000000000,0,26,392
399988,1462,14001,P0,37,73.77,4,0,0x0000000000000000,0,26,392
400658,1402,14001,P0,37,73.78,5,0,0x0000000000000000,0,26,392
401353,1470,14001,P0,37,73.18,4,0,0x0000000000000000,0,26,392
402145,1425,14001,P0,37,73.92,6,0,0x0000000000000000,0,26,392
402817,1372,14001,P0,37,73.33,6,0,0x0000000000000000,0,26,392
403464,1380,14001,P0,37,73.13,6,0,0x0000000000000000,0,26,392
404125,1380,14001,P0,37,73.50,5,0,0x0000000000000000,0,26,392
404762,1425,14001,P0,37,74.13,7,0,0x0000000000000000,0,26,392
405426,1327,14001,P0,37,72.98,5,0,0x0000000000000000,0,26,392
406089,1357,14001,P0,37,73.59,6,0,0x0000000000000000,0,26,392
406724,1447,14001,P0,36,73.18,5,0,0x0000000000000000,0,26,392
407378,1290,14001,P0,37,72.65,6,0,0x0000000000000000,0,26,392
408087,1357,14001,P0,37,73.43,5,0,0x0000000000000000,0,26,392
408733,1417,14001,P0,37,73.51,6,0,0x0000000000000000,0,26,392
409394,1395,14001,P0,37,73.41,5,0,0x0000000000000000,0,26,392
410049,1410,14001,P0,37,73.19,6,0,0x0000000000000000,0,26,392
410701,1380,14001,P0,37,72.49,4,0,0x0000000000000000,0,26,392
411381,1410,14001,P0,37,72.24,5,0,0x0000000000000000,0,26,392
412034,1380,14001,P0,37,73.32,5,0,0x0000000000000000,0,26,392
412698,1335,14001,P0,36,73.18,5,0,0x0000000000000000,0,26,392
413353,1425,14001,P0,37,73.41,6,0,0x0000000000000000,0,26,392
414047,1350,14001,P0,36,72.17,4,0,0x0000000000000000,0,26,392
414707,1410,14001,P0,37,72.16,6,0,0x0000000000000000,0,26,392
415362,1410,14001,P0,36,72.51,4,0,0x0000000000000000,0,26,392
416026,1380,14001,P0,36,72.70,6,0,0x0000000000000000,0,26,392
416689,1380,14001,P0,36,73.06,4,0,0x0000000000000000,0,26,392
417367,1432,14001,P0,36,73.24,5,0,0x0000000000000000,0,26,392
418018,1417,14001,P0,37,72.63,4,0,0x0000000000000000,0,26,392
418675,1335,14001,P0,36,72.67,6,0,0x0000000000000000,0,26,392
419361,1455,14001,P0,37,72.78,5,0,0x0000000000000000,0,26,392
420086,1545,14001,P0,36,74.60,4,0,0x0000000000000000,0,26,392
420777,1417,14001,P0,37,74.07,5,0,0x0000000000000000,0,26,392
421430,1492,14001,P0,37,74.29,5,0,0x0000000000000000,0,26,392
422089,1365,14001,P0,36,72.58,5,0,0x0000000000000000,0,26,392
422751,1470,14001,P0,37,73.04,5,0,0x0000000000000000,0,26,392
423422,1425,14001,P0,37,73.31,4,0,0x0000000000000000,0,26,392
424087,1365,14001,P0,36,73.58,5,0,0x0000000000000000,0,26,392
424756,1432,14001,P0,36,73.67,6,0,0x0000000000000000,0,26,392
425395,1395,14001,P0,37,73.47,4,0,0x0000000000000000,0,26,392
426206,1395,14001,P0,36,73.12,4,0,0x0000000000000000,0,26,392
426938,1447,14001,P0,36,72.83,7,0,0x0000000000000000,0,26,392
427580,1387,14001,P0,37,73.64,4,0,0x0000000000000000,0,26,392
428232,1402,14001,P0,36,73.38,5,0,0x0000000000000000,0,26,392
428933,1432,14001,P0,36,73.49,5,0,0x0000000000000000,0,26,392
429579,1395,14001,P0,37,73.48,5,0,0x0000000000000000,0,26,392
430244,1395,14001,P0,36,73.83,5,0,0x0000000000000000,0,26,392
430892,1372,14001,P0,36,73.52,6,0,0x0000000000000000,0,26,392
431526,1372,14001,P0,37,73.99,5,0,0x0000000000000000,0,26,392
432187,1402,14001,P0,36,73.34,5,0,0x0000000000000000,0,26,392
432827,1387,14001,P0,36,72.71,4,0,0x0000000000000000,0,26,392
433498,1342,14001,P0,36,72.39,4,0,0x0000000000000000,0,26,392
434159,1507,14001,P0,36,74.44,5,0,0x0000000000000000,0,26,392
434795,1485,14001,P0,36,73.94,4,0,0x0000000000000000,0,26,392
435431,1387,14001,P0,36,73.10,4,0,0x0000000000000000,0,26,392
436107,1372,14001,P0,36,72.61,5,0,0x0000000000000000,0,26,392
436767,1440,14001,P0,36,73.46,4,0,0x0000000000000000,0,26,392
437408,1425,14001,P0,36,73.18,4,0,0x0000000000000000,0,26,392
438052,1447,14001,P0,36,73.02,5,0,0x0000000000000000,0,26,392
438718,1372,14001,P0,36,72.80,5,0,0x0000000000000000,0,26,392
439364,1387,14001,P0,36,72.81,4,0,0x0000000000000000,0,26,392
440019,1462,14001,P0,36,73.10,5,0,0x0000000000000000,0,26,392
440681,1387,14001,P0,36,73.76,5,0,0x0000000000000000,0,26,392
441347,1455,14001,P0,36,73.37,4,0,0x0000000000000000,0,26,392
441999,1417,14001,P0,36,73.84,6,0,0x0000000000000000,0,26,392
442656,1372,14001,P0,36,72.73,5,0,0x0000000000000000,0,26,392
443302,1417,14001,P0,36,72.67,4,0,0x0000000000000000,0,26,392
443982,1395,14001,P0,36,72.67,5,0,0x0000000000000000,0,26,392
444663,1380,14001,P0,36,73.32,5,0,0x0000000000000000,0,26,392
445336,1455,14001,P0,36,73.62,5,0,0x0000000000000000,0,26,392
445995,1432,14001,P0,36,73.64,5,0,0x0000000000000000,0,26,392
446660,1387,14001,P0,36,73.32,4,0,0x0000000000000000,0,26,392
447336,1395,14001,P0,36,73.29,5,0,0x0000000000000000,0,26,392
448059,1342,14001,P0,37,73.94,7,0,0x0000000000000000,0,26,392
448749,1942,14001,P0,36,81.65,7,0,0x0000000000000000,0,26,392
449394,1860,14001,P0,37,83.09,7,0,0x0000000000000000,0,26,392
450057,1590,14001,P0,36,76.01,5,0,0x0000000000000000,0,26,392
450713,1567,14001,P0,36,74.35,4,0,0x0000000000000000,0,26,392
451365,1522,14001,P0,36,73.91,6,0,0x0000000000000000,0,26,392
452040,1432,14001,P0,36,74.19,7,1,0x0000000000000000,0,26,392
452702,1447,14001,P0,36,74.77,5,0,0x0000000000000000,0,26,392
453388,1447,14001,P0,37,74.87,8,0,0x0000000000000000,0,26,392
454026,1500,14001,P0,36,74.86,7,0,0x0000000000000000,0,26,392
454707,1425,14001,P0,36,74.71,6,0,0x0000000000000000,0,26,392
455378,1365,14001,P0,36,74.02,6,0,0x0000000000000000,0,26,392
456031,1410,14001,P0,36,74.52,8,0,0x0000000000000000,0,26,392
456674,1417,14001,P0,36,74.06,5,0,0x0000000000000000,0,26,392
457339,1462,14001,P0,36,74.07,6,1,0x0000000000000000,0,26,392
458030,1365,14001,P0,36,73.53,5,0,0x0000000000000000,0,26,392
458668,1417,14001,P0,36,73.26,5,0,0x0000000000000000,0,26,392
459433,1432,14001,P0,36,73.35,7,1,0x0000000000000000,0,26,392
460089,1410,14001,P0,36,73.68,5,0,0x0000000000000000,0,26,392
460747,1380,14001,P0,36,73.06,5,0,0x0000000000000000,0,26,392
461414,1387,14001,P0,36,72.92,6,0,0x0000000000000000,0,26,392
462071,1387,14001,P0,36,73.21,5,0,0x0000000000000000,0,26,392
462760,1432,14001,P0,36,73.47,4,0,0x0000000000000000,0,26,392
463418,1440,14001,P0,36,73.64,5,0,0x0000000000000000,0,26,392
464070,1410,14001,P0,36,73.72,6,0,0x0000000000000000,0,26,392
464744,1440,14001,P0,36,73.64,5,0,0x0000000000000000,0,26,392
465408,1455,14001,P0,36,74.35,6,0,0x0000000000000000,0,26,392
466063,1402,14001,P0,36,72.90,5,0,0x0000000000000000,0,26,392
466735,1425,14001,P0,36,73.86,6,0,0x0000000000000000,0,26,392
467385,1447,14001,P0,36,73.98,6,0,0x0000000000000000,0,26,392
468028,1432,14001,P0,36,73.06,5,0,0x0000000000000000,0,26,392
468675,1365,14001,P0,36,72.87,5,0,0x0000000000000000,0,26,392
469339,1425,14001,P0,36,73.35,7,0,0x0000000000000000,0,26,392
469997,1425,14001,P0,36,73.36,6,0,0x0000000000000000,0,26,392
470653,1342,14001,P0,36,72.74,5,0,0x0000000000000000,0,26,392
471306,1387,14001,P0,36,73.67,6,0,0x0000000000000000,0,26,392
471961,1372,14001,P0,36,73.58,5,0,0x0000000000000000,0,26,392
472624,1335,14001,P0,36,72.99,5,0,0x0000000000000000,0,26,392
473270,1402,14001,P0,36,73.18,5,0,0x0000000000000000,0,26,392
473929,1470,14001,P0,36,73.73,5,0,0x0000000000000000,0,26,392
474609,1380,14001,P0,36,72.44,5,0,0x0000000000000000,0,26,392
475270,1402,14001,P0,36,73.87,5,0,0x0000000000000000,0,26,392
475955,1432,14001,P0,36,74.60,5,0,0x0000000000000000,0,26,392
476601,1372,14001,P0,36,73.32,5,0,0x0000000000000000,0,26,392
477259,1417,14001,P0,36,73.41,5,0,0x0000000000000000,0,26,392
477955,1402,14001,P0,36,73.57,5,0,0x0000000000000000,0,26,392
478620,1387,14001,P0,36,73.41,5,0,0x0000000000000000,0,26,392
479291,1425,14001,P0,36,73.41,6,0,0x0000000000000000,0,26,392
479942,1447,14001,P0,36,73.57,6,0,0x0000000000000000,0,26,392
480598,1470,14001,P0,36,73.96,4,0,0x0000000000000000,0,26,392
481242,1410,14001,P0,36,73.56,7,1,0x0000000000000000,0,26,392
481914,1372,14001,P0,36,73.28,5,0,0x0000000000000000,0,26,392
482561,1470,14001,P0,36,73.86,5,0,0x0000000000000000,0,26,392
483206,1425,14001,P0,36,73.30,5,0,0x0000000000000000,0,26,392
483874,1380,14001,P0,36,72.28,4,0,0x0000000000000000,0,26,392
484507,1387,14001,P0,36,72.75,5,0,0x0000000000000000,0,26,392
485196,1372,14001,P0,36,72.46,6,0,0x0000000000000000,0,26,392
485880,1470,14001,P0,36,73.19,5,0,0x0000000000000000,0,26,392
486543,1447,14001,P0,36,73.19,5,0,0x0000000000000000,0,26,392
487180,1350,14001,P0,36,73.17,5,0,0x0000000000000000,0,26,392
487816,1485,14001,P0,36,73.01,4,0,0x0000000000000000,0,26,392
488495,1357,14001,P0,36,72.70,5,0,0x0000000000000000,0,26,392
489165,1477,14001,P0,36,74.05,5,0,0x0000000000000000,0,26,392
489803,1387,14001,P0,36,74.07,5,0,0x0000000000000000,0,26,392
490437,1462,14001,P0,36,73.93,5,0,0x0000000000000000,0,26,392
491096,1402,14001,P0,36,73.07,6,0,0x0000000000000000,0,26,392
491754,1447,14001,P0,36,73.34,5,0,0x0000000000000000,0,26,392
492414,1387,14001,P0,36,72.99,6,0,0x0000000000000000,0,26,392
493058,1365,14001,P0,36,73.24,5,0,0x0000000000000000,0,26,392
493724,1395,14001,P0,36,73.74,6,0,0x0000000000000000,0,26,392
494397,1477,14001,P0,36,74.43,5,0,0x0000000000000000,0,26,392
495040,1410,14001,P0,36,73.18,5,0,0x0000000000000000,0,26,392
495709,1485,14001,P0,36,72.65,4,0,0x0000000000000000,0,26,392
496391,1432,14001,P0,36,73.60,7,1,0x0000000000000000,0,26,392
497053,1432,14001,P0,36,74.05,5,0,0x0000000000000000,0,26,392
497694,1447,14001,P0,36,74.29,5,0,0x0000000000000000,0,26,392
498360,1357,14001,P0,36,73.82,5,0,0x0000000000000000,0,26,392
499026,1425,14001,P0,36,73.20,6,0,0x0000000000000000,0,26,392
499699,1455,14001,P0,36,73.84,5,0,0x0000000000000000,0,26,392
500342,1440,14001,P0,36,74.11,6,0,0x0000000000000000,0,26,392
501011,1432,14001,P0,36,73.53,6,0,0x0000000000000000,0,26,392
501681,1417,14001,P0,36,72.78,5,0,0x0000000000000000,0,26,392
502349,1432,14001,P0,36,72.86,5,0,0x0000000000000000,0,26,392
503015,1492,14001,P0,36,73.67,5,0,0x0000000000000000,0,26,392
503654,1485,14001,P0,36,74.52,5,0,0x0000000000000000,0,26,392
504287,1387,14001,P0,36,74.08,5,0,0x0000000000000000,0,26,392
504926,1440,14001,P0,36,73.56,4,0,0x0000000000000000,0,26,392
505576,1477,14001,P0,36,73.54,4,0,0x0000000000000000,0,26,392
506268,1372,14001,P0,36,73.27,6,0,0x0000000000000000,0,26,392
506909,1432,14001,P0,36,73.21,5,0,0x0000000000000000,0,26,392
507570,1372,14001,P0,36,73.33,6,0,0x0000000000000000,0,26,392
508221,1395,14001,P0,36,73.40,5,0,0x0000000000000000,0,26,392
508883,1440,14001,P0,36,73.43,4,0,0x0000000000000000,0,26,392
509541,1402,14001,P0,36,73.34,4,0,0x0000000000000000,0,26,392
510203,1440,14001,P0,36,73.07,5,0,0x0000000000000000,0,26,392
510883,1462,14001,P0,36,73.10,5,0,0x0000000000000000,0,26,392
511532,1500,14001,P0,36,73.36,4,0,0x0000000000000000,0,26,392
512207,1402,14001,P0,36,73.57,7,0,0x0000000000000000,0,26,392
512854,1440,14001,P0,36,73.74,5,0,0x0000000000000000,0,26,392
513505,1387,14001,P0,36,73.60,6,0,0x0000000000000000,0,26,392
514162,1320,14001,P0,36,72.39,5,0,0x0000000000000000,0,26,392
514797,1522,14001,P0,36,73.20,4,0,0x0000000000000000,0,26,392
515485,1357,14001,P0,36,73.30,6,0,0x0000000000000000,0,26,392
516150,1395,14001,P0,36,73.72,5,0,0x0000000000000000,0,26,392
516816,1462,14001,P0,36,73.83,5,0,0x0000000000000000,0,26,392
517474,1342,14001,P0,36,73.98,6,0,0x0000000000000000,0,26,392
518135,1365,14001,P0,36,74.07,6,0,0x0000000000000000,0,26,392
518802,1425,14001,P0,36,73.39,5,0,0x0000000000000000,0,26,392
519461,1402,14001,P0,36,73.54,7,0,0x0000000000000000,0,26,392
520099,1387,14001,P0,36,74.01,6,0,0x0000000000000000,0,26,392
520771,1357,14001,P0,36,73.16,4,0,0x0000000000000000,0,26,392
521449,1365,14001,P0,36,72.91,5,0,0x0000000000000000,0,26,392
522124,1350,14001,P0,36,73.33,6,0,0x0000000000000000,0,26,392
522816,1492,14001,P0,36,73.66,6,0,0x0000000000000000,0,26,392
523463,1432,14001,P0,36,74.41,5,0,0x0000000000000000,0,26,392
524128,1342,14001,P0,36,73.25,5,0,0x0000000000000000,0,26,392
524778,1477,14001,P0,36,73.12,4,0,0x0000000000000000,0,26,392
525450,1402,14001,P0,36,74.05,6,0,0x0000000000000000,0,26,392
526115,1425,14001,P0,36,73.95,6,0,0x0000000000000000,0,26,392
526783,1537,14001,P0,36,74.49,5,0,0x0000000000000000,0,26,392
527473,1365,14001,P0,36,74.43,6,0,0x0000000000000000,0,26,392
528130,1387,14001,P0,36,73.68,6,0,0x0000000000000000,0,26,392
528782,1372,14001,P0,36,73.36,4,0,0x0000000000000000,0,26,392
529451,1410,14001,P0,36,73.33,6,0,0x0000000000000000,0,26,392
530115,1417,14001,P0,36,73.75,7,0,0x0000000000000000,0,26,392
530777,1470,14001,P0,36,73.92,4,0,0x0000000000000000,0,26,392
531448,1380,14001,P0,36,73.87,7,0,0x0000000000000000,0,26,392
532113,1312,14001,P0,36,73.64,6,0,0x0000000000000000,0,26,392
532880,1410,14001,P0,36,73.54,4,0,0x0000000000000000,0,26,392
533559,1455,14001,P0,36,73.74,4,0,0x0000000000000000,0,26,392
534273,1365,14001,P0,36,73.99,7,0,0x0000000000000000,0,26,392
534914,1417,14001,P0,36,73.31,5,0,0x0000000000000000,0,26,392
535576,1470,14001,P0,36,73.57,4,0,0x0000000000000000,0,26,392
536217,1320,14001,P0,36,73.92,6,0,0x0000000000000000,0,26,392
536887,1372,14001,P0,36,72.76,4,0,0x0000000000000000,0,26,392
537545,1395,14001,P0,36,73.53,5,0,0x0000000000000000,0,26,392
538213,1342,14001,P0,36,73.21,6,0,0x0000000000000000,0,26,392
538882,1417,14001,P0,36,72.61,6,0,0x0000000000000000,0,26,392
539544,1485,14001,P0,36,73.72,4,0,0x0000000000000000,0,26,392
540226,1417,14001,P0,36,74.35,7,0,0x0000000000000000,0,26,392
540902,1387,14001,P0,36,73.67,5,0,0x0000000000000000,0,26,392
541551,1545,14001,P0,36,74.52,5,0,0x0000000000000000,0,26,392
542197,1387,14001,P0,36,74.83,7,0,0x0000000000000000,0,26,392
542869,1380,14001,P0,36,73.50,6,0,0x0000000000000000,0,26,392
543528,1440,14001,P0,36,73.56,5,0,0x0000000000000000,0,26,392
544227,1447,14001,P0,36,73.48,5,0,0x0000000000000000,0,26,392
544916,1455,14001,P0,36,73.86,4,0,0x0000000000000000,0,26,392
545558,1462,14001,P0,36,74.11,4,0,0x0000000000000000,0,26,392
546217,1432,14001,P0,36,74.40,6,0,0x0000000000000000,0,26,392
546858,1350,14001,P0,36,73.72,5,0,0x0000000000000000,0,26,392
547503,1350,14001,P0,36,73.84,6,0,0x0000000000000000,0,26,392
548203,1350,14001,P0,36,73.64,5,0,0x0000000000000000,0,26,392
548863,1410,14001,P0,36,74.49,6,0,0x0000000000000000,0,26,392
549537,1395,14001,P0,36,74.47,5,0,0x0000000000000000,0,26,392
550257,1402,14001,P0,36,74.39,6,0,0x0000000000000000,0,26,392
550906,1432,14001,P0,36,74.21,6,0,0x0000000000000000,0,26,392
551591,1395,14001,P0,36,72.44,3,0,0x0000000000000000,0,26,392
552270,1462,14001,P0,36,73.85,7,0,0x0000000000000000,0,26,392
552918,1447,14001,P0,36,73.71,4,0,0x0000000000000000,0,26,392
553559,1417,14001,P0,36,73.09,4,0,0x0000000000000000,0,26,392
554209,1387,14001,P0,36,72.80,6,0,0x0000000000000000,0,26,392
554973,1440,14001,P0,36,73.30,5,0,0x0000000000000000,0,26,392
555755,1402,14001,P0,36,73.64,5,0,0x0000000000000000,0,26,392
556438,1387,14001,P0,36,73.56,6,0,0x0000000000000000,0,26,392
557091,1432,14001,P0,36,73.53,5,0,0x0000000000000000,0,26,392
557800,1290,14001,P0,36,72.68,4,0,0x0000000000000000,0,26,392
558433,1440,14001,P0,36,73.17,6,0,0x0000000000000000,0,26,392
559086,1440,14001,P0,36,73.70,7,0,0x0000000000000000,0,26,392
559747,1425,14001,P0,36,73.76,5,0,0x0000000000000000,0,26,392
560381,1425,14001,P0,36,74.23,6,0,0x0000000000000000,0,26,392
561025,1357,14001,P0,36,73.72,5,0,0x0000000000000000,0,26,392
561680,1402,14001,P0,36,72.75,4,0,0x0000000000000000,0,26,392
562405,1417,14001,P0,36,72.77,7,1,0x0000000000000000,0,26,392
563091,1425,14001,P0,36,74.35,6,0,0x0000000000000000,0,26,392
563764,1470,14001,P0,36,73.59,4,0,0x0000000000000000,0,26,392
564430,1417,14001,P0,36,73.26,6,0,0x0000000000000000,0,26,392
565110,1440,14001,P0,36,73.85,6,0,0x0000000000000000,0,26,392
565795,1432,14001,P0,36,74.40,5,0,0x0000000000000000,0,26,392
566476,1432,14001,P0,36,74.33,6,0,0x0000000000000000,0,26,392
567126,1470,14001,P0,36,74.24,7,0,0x0000000000000000,0,26,392
567784,1395,14001,P0,36,73.69,5,0,0x0000000000000000,0,26,392
568454,1500,14001,P0,36,73.57,5,0,0x0000000000000000,0,26,392
569140,1432,14001,P0,36,73.06,5,0,0x0000000000000000,0,26,392
569822,1425,14001,P0,36,73.63,5,0,0x0000000000000000,0,26,392
570470,1395,14001,P0,36,73.46,5,0,0x0000000000000000,0,26,392
571119,1365,14001,P0,36,72.73,7,0,0x0000000000000000,0,26,392
571776,1372,14001,P0,36,72.90,6,0,0x0000000000000000,0,26,392
572428,1485,14001,P0,36,73.69,5,0,0x0000000000000000,0,26,392
573089,1447,14001,P0,36,73.80,5,0,0x0000000000000000,0,26,392
573742,1425,14001,P0,36,73.80,7,0,0x0000000000000000,0,26,392
574434,1470,14001,P0,36,73.70,6,0,0x0000000000000000,0,26,392
575155,1440,14001,P0,36,73.08,5,0,0x0000000000000000,0,26,392
575845,1380,14001,P0,36,73.35,5,0,0x0000000000000000,0,26,392.1
576488,1440,14001,P0,36,73.52,6,0,0x0000000000000000,0,26,392.1
577157,1500,14001,P0,36,73.43,6,0,0x0000000000000000,0,26,392.1
577837,1357,14001,P0,36,74.16,5,0,0x0000000000000000,0,26,392.1
578495,1372,14001,P0,36,73.81,6,0,0x0000000000000000,0,26,392.1
579138,1455,14001,P0,36,74.21,6,0,0x0000000000000000,0,26,392.1
579780,1372,14001,P0,36,73.23,4,0,0x0000000000000000,0,26,392.1
580467,1372,14001,P0,36,72.32,6,0,0x0000000000000000,0,26,392.1
581119,1395,14001,P0,36,71.74,5,0,0x0000000000000000,0,26,392.1
581785,1485,14001,P0,36,72.44,4,0,0x0000000000000000,0,26,392.1
582448,1357,14001,P0,36,72.80,6,0,0x0000000000000000,0,26,392.1
583105,1342,14001,P0,36,72.71,6,0,0x0000000000000000,0,26,392.1
583751,1507,14001,P0,36,72.80,5,0,0x0000000000000000,0,26,392.1
584406,1417,14001,P0,36,73.82,6,0,0x0000000000000000,0,26,392.1
585073,1425,14001,P0,36,73.88,6,0,0x0000000000000000,0,26,392.1
585712,1515,14001,P0,36,73.68,5,0,0x0000000000000000,0,26,392.1
586354,1380,14001,P0,36,73.65,5,0,0x0000000000000000,0,26,392.1
587021,1455,14001,P0,36,73.16,5,0,0x0000000000000000,0,26,392.1
587708,1545,14001,P0,36,73.66,5,0,0x0000000000000000,0,26,392.1
588369,1470,14001,P0,36,74.29,5,0,0x0000000000000000,0,26,392.1
589030,1387,14001,P0,36,73.80,6,0,0x0000000000000000,0,26,392.1
589695,1485,14001,P0,36,73.81,6,0,0x0000000000000000,0,26,392.1
590346,1365,14001,P0,36,73.79,5,0,0x0000000000000000,0,26,392.1
591024,1380,14001,P0,36,73.30,6,0,0x0000000000000000,0,26,392.1
591678,1560,14001,P0,36,74.35,6,0,0x0000000000000000,0,26,392.1
592343,1425,14001,P0,36,73.82,5,0,0x0000000000000000,0,26,392.1
593011,1447,14001,P0,36,73.11,5,0,0x0000000000000000,0,26,392.1
593673,1485,14001,P0,36,73.43,4,0,0x0000000000000000,0,26,392.1
594317,1402,14001,P0,36,73.21,5,0,0x0000000000000000,0,26,392.1
594978,1440,14001,P0,36,73.05,5,0,0x0000000000000000,0,26,392.1
595659,1462,14001,P0,36,75.56,5,0,0x0000000000000000,0,26,392.1
596340,1477,14001,P0,36,75.94,6,0,0x0000000000000000,0,26,392.1
597054,1515,14001,P0,36,74.14,4,0,0x0000000000000000,0,26,392.1
597721,1837,14001,P0,36,77.34,7,0,0x0000000000000000,0,26,392.1
598404,1815,14001,P0,36,80.84,6,0,0x0000000000000000,0,26,392.1
599073,1507,14001,P0,36,74.28,6,0,0x0000000000000000,0,26,392.1
599790,1537,14001,P0,36,74.27,6,0,0x0000000000000000,0,26,392.1
600446,1792,14001,P0,36,76.83,6,0,0x0000000000000000,0,26,392.1
601105,1477,14001,P0,36,74.49,6,0,0x0000000000000000,0,26,392.1
601755,1515,14001,P0,36,73.95,5,0,0x0000000000000000,0,26,392.1
602391,1575,14001,P0,36,74.64,6,0,0x0000000000000000,0,26,392.1
603098,1372,14001,P0,36,73.28,5,0,0x0000000000000000,0,26,392.1
603739,1447,14001,P0,36,72.86,5,0,0x0000000000000000,0,26,392.1
604379,1372,14001,P0,36,73.08,8,0,0x0000000000000000,0,26,392.1
605054,1447,14001,P0,36,74.52,6,0,0x0000000000000000,0,26,392.1
605715,1462,14001,P0,36,74.70,5,0,0x0000000000000000,0,26,392.1
606386,1447,14001,P0,36,75.16,7,0,0x0000000000000000,0,26,392.1
607048,1477,14001,P0,36,74.92,6,0,0x0000000000000000,0,26,392.1
607712,1470,14001,P0,36,74.43,5,0,0x0000000000000000,0,26,392.1
608379,1522,14001,P0,36,75.11,7,1,0x0000000000000000,0,26,392.1
609137,1470,14001,P0,36,74.54,6,0,0x0000000000000000,0,26,392.1
609802,1455,14001,P0,36,73.40,4,0,0x0000000000000000,0,26,392.1
610545,1365,14001,P0,36,73.26,6,0,0x0000000000000000,0,26,392.1
611212,1447,14001,P0,36,74.63,6,0,0x0000000000000000,0,26,392.1
611876,1485,14001,P0,36,75.55,6,0,0x0000000000000000,0,26,392.1
612537,1462,14001,P0,36,75.91,5,0,0x0000000000000000,0,26,392.1
613222,1425,14001,P0,36,74.82,5,0,0x0000000000000000,0,26,392.1
613895,1567,14001,P0,36,75.39,6,0,0x0000000000000000,0,26,392.1
614553,1560,14001,P0,36,75.10,6,0,0x0000000000000000,0,26,392.1
615211,1462,14001,P0,36,74.35,6,0,0x0000000000000000,0,26,392.1
615882,1470,14001,P0,36,73.34,6,0,0x0000000000000000,0,26,392.1
616547,1402,14001,P0,36,73.39,6,0,0x0000000000000000,0,26,392.1
617188,1432,14001,P0,36,73.16,7,0,0x0000000000000000,0,26,392.1
617850,1447,14001,P0,36,74.33,6,0,0x0000000000000000,0,26,392.1
618513,1462,14001,P0,36,74.36,6,0,0x0000000000000000,0,26,392.1
619171,1507,14001,P0,36,75.52,6,0,0x0000000000000000,0,26,392.1
619838,1410,14001,P0,36,73.72,6,0,0x0000000000000000,0,26,392.1
620486,1492,14001,P0,36,73.83,7,0,0x0000000000000000,0,26,392.1
621218,1425,14001,P0,36,73.76,6,0,0x0000000000000000,0,26,392.1
621907,1485,14001,P0,36,73.90,5,0,0x0000000000000000,0,26,392.1
622554,1417,14001,P0,36,73.95,6,0,0x0000000000000000,0,26,392.1
623223,1425,14001,P0,36,73.90,6,0,0x0000000000000000,0,26,392.1
623882,1552,14001,P0,36,74.09,5,0,0x0000000000000000,0,26,392.1
624537,1477,14001,P0,36,74.64,6,0,0x0000000000000000,0,26,392.1
625187,1425,14001,P0,36,74.54,5,0,0x0000000000000000,0,26,392.1
625916,1447,14001,P0,36,73.83,5,0,0x0000000000000000,0,26,392.1
626579,1447,14001,P0,36,74.23,5,0,0x0000000000000000,0,26,392.1
627245,1455,14001,P0,36,73.99,6,0,0x0000000000000000,0,26,392.1
627926,1372,14001,P0,36,73.58,5,0,0x0000000000000000,0,26,392.1
628592,1447,14001,P0,36,73.64,5,0,0x0000000000000000,0,26,392.1
629278,1492,14001,P0,36,73.98,6,0,0x0000000000000000,0,26,392.1
629942,1440,14001,P0,36,73.64,4,0,0x0000000000000000,0,26,392.1
630596,1432,14001,P0,36,73.64,5,0,0x0000000000000000,0,26,392.1
631250,1477,14001,P0,36,73.84,7,0,0x0000000000000000,0,26,392.1
631923,1462,14001,P0,36,74.00,5,0,0x0000000000000000,0,26,392.1
632580,1432,14001,P0,36,73.65,5,0,0x0000000000000000,0,26,392.1
633257,1462,14001,P0,36,73.85,5,0,0x0000000000000000,0,26,392.1
633925,1432,14001,P0,36,73.47,7,0,0x0000000000000000,0,26,392.1
634589,1417,14001,P0,36,73.53,7,0,0x0000000000000000,0,26,392.1
635261,1462,14001,P0,36,74.39,6,0,0x0000000000000000,0,26,392.1
635903,1485,14001,P0,36,75.19,7,0,0x0000000000000000,0,26,392.1
636834,1492,14001,P0,36,74.11,5,0,0x0000000000000000,0,26,392.1
637480,1507,14001,P0,36,74.95,6,0,0x0000000000000000,0,26,392.1
638148,1522,14001,P0,36,74.91,8,1,0x0000000000000000,0,26,392.1
638807,1455,14001,P0,36,74.02,6,0,0x0000000000000000,0,26,392.1
639464,1440,14001,P0,36,73.80,7,0,0x0000000000000000,0,26,392.1
640156,1365,14001,P0,36,73.42,5,0,0x0000000000000000,0,26,392.1
640823,1417,14001,P0,36,73.50,6,0,0x0000000000000000,0,26,392.1
641491,1447,14001,P0,36,74.41,7,0,0x0000000000000000,0,26,392.1
642174,1627,14001,P0,36,78.22,6,0,0x0000000000000000,0,26,392.1
642844,1522,14001,P0,36,76.32,6,0,0x0000000000000000,0,26,392.1
643514,1500,14001,P0,36,74.30,6,0,0x0000000000000000,0,26,392.1
644168,1477,14001,P0,36,74.62,6,0,0x0000000000000000,0,26,392.1
644828,1425,14001,P0,36,74.29,6,0,0x0000000000000000,0,26,392.1
645487,1477,14001,P0,36,74.29,6,0,0x0000000000000000,0,26,392.1
646151,2220,14001,P0,36,85.34,9,1,0x0000000000000000,0,26,392.1
646828,1837,14001,P0,36,84.54,8,0,0x0000000000000000,0,26,392.1
647469,1717,14001,P0,36,78.22,6,0,0x0000000000000000,0,26,392.1
648339,1642,14001,P0,36,77.00,7,1,0x0000000000000000,0,26,392.1
649007,1627,14001,P0,36,77.11,7,0,0x0000000000000000,0,26,392.1
649649,1507,14001,P0,36,75.20,7,1,0x0000000000000000,0,26,392.1
650314,1507,14001,P0,36,75.04,6,0,0x0000000000000000,0,26,392.1
650994,1575,14001,P0,36,76.12,8,0,0x0000000000000000,0,26,392.1
651714,1530,14001,P0,36,75.77,7,1,0x0000000000000000,0,26,392.1
652399,1477,14001,P0,36,75.87,6,0,0x0000000000000000,0,26,392.1
653080,1582,14001,P0,36,76.57,6,0,0x0000000000000000,0,26,392.1
653724,1695,14001,P0,36,77.31,8,1,0x0000000000000000,0,26,392.1
654418,1635,14001,P0,36,78.35,8,0,0x0000000000000000,0,26,392.1
655380,1545,14001,P0,36,77.74,6,0,0x0000000000000000,0,26,392.1
656078,1560,14001,P0,36,77.12,6,0,0x0000000000000000,0,26,392.1
656772,1552,14001,P0,36,77.44,5,0,0x0000000000000000,0,26,392.1
657467,1567,14001,P0,36,76.89,6,0,0x0000000000000000,0.57,26,390.8
658127,2805,14001,P0,50,407.59,96,28,0x0000000000000004,1.46,26,390.8
658776,2887,14001,P0,47,534.33,98,70,0x0000000000000000,2.78,26,390.8
659447,2887,14001,P0,47,478.15,98,68,0x0000000000000000,2.59,26,390.8
660106,2887,14001,P0,48,464.67,98,68,0x0000000000000000,2.23,26,390.8
660762,2887,14001,P0,48,467.83,99,71,0x0000000000000000,2.48,26,390.8
661428,2887,14001,P0,48,473.43,98,69,0x0000000000000000,1.64,26,390.8
662108,2932,14001,P0,41,366.72,5,0,0x0000000000000000,0.82,26,390.8
662787,2932,14001,P0,40,202.76,6,1,0x0000000000000000,0,26,390.8
663467,2932,14001,P0,40,109.53,5,0,0x0000000000000000,0,26,390.8
664158,1845,14001,P0,39,92.44,7,0,0x0000000000000000,0,26,390.8
664870,1755,14001,P0,38,80.16,5,0,0x0000000000000000,0,26,390.8
665560,1732,14001,P0,38,79.78,7,0,0x0000000000000000,0,26,390.8
666236,1762,14001,P0,38,82.02,7,0,0x0000000000000000,0,26,390.8
666943,1650,14001,P0,38,80.47,5,0,0x0000000000000000,0,26,390.8
667623,1965,14001,P0,38,82.12,8,0,0x0000000000000000,0,26,390.8
668342,2797,14001,P0,49,197.21,97,30,0x0000000000000004,1.15,26,394.2
668996,2812,14001,P0,51,409.33,97,28,0x0000000000000004,0.99,26,394.2
669659,2812,14001,P0,52,565.64,98,28,0x0000000000000004,1.29,26,392.7
670343,2812,14001,P0,53,566.50,97,35,0x0000000000000004,1.52,26,392.7
671032,2812,14001,P0,53,568.52,96,37,0x0000000000000004,1.83,26,392.7
671684,2865,14001,P0,49,539.95,99,68,0x0000000000000000,1.85,26,392.7
672322,2910,14001,P0,47,458.33,99,67,0x0000000000000000,2.69,26,392.7
672997,2895,14001,P0,49,414.87,99,70,0x0000000000000000,3.52,26,392.7
673663,2895,14001,P0,50,455.38,99,70,0x0000000000000000,2.12,26,392.7
674337,2895,14001,P0,50,453.80,99,70,0x0000000000000000,2.92,26,392.7
675005,2895,14001,P0,49,446.46,99,64,0x0000000000000000,1.95,26,392.7
675682,2910,14001,P0,44,373.92,5,0,0x0000000000000000,0.7,26,392.7
676359,2917,14001,P0,43,229.60,6,0,0x0000000000000000,0,26,392.7
677240,2932,14001,P0,42,110.71,7,0,0x0000000000000000,0,26,392.7
677958,1852,14001,P0,41,102.18,5,0,0x0000000000000000,0,26,392.7
678728,1762,14001,P0,41,82.17,5,0,0x0000000000000000,0,26,392.7
679631,1657,14001,P0,41,80.70,6,0,0x0000000000000000,0,26,392.7
680314,1657,14001,P0,41,80.84,6,0,0x0000000000000000,0,26,392.7
680984,1650,14001,P0,41,79.73,7,0,0x0000000000000000,0,26,392.7
681699,1507,14001,P0,40,77.35,5,0,0x0000000000000000,0,26,392.7
682405,1702,14001,P0,40,78.92,7,0,0x0000000000000000,0,26,392.7
683124,1395,14001,P0,40,75.64,4,0,0x0000000000000000,0,26,392.7
683824,1215,14001,P0,40,71.69,4,0,0x0000000000000000,0,26,392.7
684506,2197,14001,P0,40,79.48,8,1,0x0000000000000000,0,26,392.7
685184,1650,14001,P0,40,87.85,4,0,0x0000000000000000,0,26,392.7
685888,1320,14001,P0,40,76.71,2,0,0x0000000000000000,0,26,392.7
686562,1245,14001,P0,40,74.39,4,0,0x0000000000000000,0,26,392.7
687232,1222,14001,P0,40,67.96,5,0,0x0000000000000000,0,26,392.7
687913,1147,14001,P0,39,68.07,3,0,0x0000000000000000,0,26,392.7
688596,1207,14001,P0,39,69.39,2,0,0x0000000000000000,0,26,392.7
689268,1095,14001,P0,39,68.45,3,0,0x0000000000000000,0,26,392.7
689976,1095,14001,P0,39,67.69,3,0,0x0000000000000000,0,26,392.7
690649,1147,14001,P0,39,68.19,3,0,0x0000000000000000,0,26,392.7
691315,1065,14001,P0,39,69.01,3,0,0x0000000000000000,0,26,392.7
692011,1080,14001,P0,39,68.33,4,0,0x0000000000000000,0,26,392.7
692694,1087,14001,P0,39,67.94,4,0,0x0000000000000000,0,26,392.7
693361,1050,14001,P0,39,67.60,4,0,0x0000000000000000,0,26,392.7
694052,990,14001,P0,39,67.45,4,0,0x0000000000000000,0,26,392.7
694706,1027,14001,P0,39,67.46,2,0,0x0000000000000000,0,26,392.7
695392,1050,14001,P0,39,67.71,4,0,0x0000000000000000,0,26,392.7
696072,1072,14001,P0,39,67.10,3,0,0x0000000000000000,0,26,392.7
696789,922,14001,P0,39,66.74,2,0,0x0000000000000000,0,26,392.7
697504,1162,14001,P0,39,68.66,4,0,0x0000000000000000,0,26,392.7
698247,2055,14001,P0,39,82.71,10,1,0x0000000000000000,0,26,392.7
698933,1897,14001,P0,39,88.04,7,0,0x0000000000000000,0,26,392.7
699621,1567,14001,P0,39,77.90,6,0,0x0000000000000000,0,26,392.7
700294,1530,14001,P0,39,76.20,6,0,0x0000000000000000,0,26,392.7
700970,1522,14001,P0,39,75.79,5,0,0x0000000000000000,0,26,392.7
701658,1545,14001,P0,39,76.27,6,0,0x0000000000000000,0,26,392.7
702328,1560,14001,P0,39,76.75,6,0,0x0000000000000000,0,26,392.7
702998,1462,14001,P0,38,75.84,5,0,0x0000000000000000,0,26,392.7
703657,1395,14001,P0,38,74.94,5,0,0x0000000000000000,0,26,392.7
704334,1507,14001,P0,38,75.27,8,0,0x0000000000000000,0,26,392.7
705016,1500,14001,P0,38,75.29,5,0,0x0000000000000000,0,26,392.7
705701,1417,14001,P0,38,75.08,6,0,0x0000000000000000,0,26,392.7
706370,1740,14001,P0,39,78.53,11,1,0x0000000000000000,0,26,392.7
707044,1552,14001,P0,38,79.52,5,0,0x0000000000000000,0,26,392.7
707766,1582,14001,P0,38,77.21,5,0,0x0000000000000000,0,26,392.7
708472,1545,14001,P0,38,76.90,7,0,0x0000000000000000,0,26,392.7
709143,1627,14001,P0,38,76.93,8,0,0x0000000000000000,0,26,392.7
709818,1822,14001,P0,38,79.49,8,1,0x0000000000000000,0,26,392.7
710495,1552,14001,P0,38,78.02,7,0,0x0000000000000000,0,26,392.7
711164,1290,14001,P0,38,73.20,5,0,0x0000000000000000,0,26,392.7
711846,1305,14001,P0,38,69.33,6,1,0x0000000000000000,0,26,392.7
712494,1890,14001,P0,38,76.94,9,0,0x0000000000000000,0,26,392.7
713148,1732,14001,P0,38,78.80,9,0,0x0000000000000000,0,26,392.7
713803,1230,14001,P0,38,73.24,2,0,0x0000000000000000,0,26,392.7
714474,1252,14001,P0,38,71.53,4,0,0x0000000000000000,0,26,392.7
715137,1140,14001,P0,38,66.98,3,0,0x0000000000000000,0,26,392.7
715799,1102,14001,P0,38,67.49,2,0,0x0000000000000000,0,26,392.7
716462,1132,14001,P0,38,67.55,4,0,0x0000000000000000,0,26,392.7
717147,1087,14001,P0,38,67.44,5,0,0x0000000000000000,0,26,392.7
717826,1035,14001,P0,38,67.44,1,0,0x0000000000000000,0,26,392.7
718501,1065,14001,P0,38,67.61,4,0,0x0000000000000000,0,26,392.7
719199,1102,14001,P0,38,68.03,4,0,0x0000000000000000,0,26,392.7
719857,1057,14001,P0,37,67.85,3,0,0x0000000000000000,0,26,392.7
720521,997,14001,P0,37,67.54,3,0,0x0000000000000000,0,26,392.7
721208,1260,14001,P0,38,73.23,2,0,0x0000000000000000,0,26,392.7
721887,1237,14001,P0,37,68.34,2,0,0x0000000000000000,0,26,392.7
722548,1110,14001,P0,37,67.94,2,0,0x0000000000000000,0,26,392.7
723217,1102,14001,P0,37,67.40,3,0,0x0000000000000000,0,26,392.7
723915,1110,14001,P0,37,67.35,3,0,0x0000000000000000,0,26,392.7
724578,1050,14001,P0,37,67.05,2,0,0x0000000000000000,0,26,392.7
725248,1110,14001,P0,37,67.37,3,0,0x0000000000000000,0,26,392.7
725930,1102,14001,P0,37,67.52,3,0,0x0000000000000000,0,26,392.7
726600,1050,14001,P0,37,67.22,2,0,0x0000000000000000,0,26,392.7
727262,997,14001,P0,37,66.46,2,0,0x0000000000000000,0,26,392.7
727933,1087,14001,P0,37,66.92,3,0,0x0000000000000000,0,26,392.7
728616,1155,14001,P0,37,67.67,2,0,0x0000000000000000,0,26,392.7
729295,1042,14001,P0,37,67.68,4,0,0x0000000000000000,0,26,392.7
729968,1717,14001,P0,37,70.15,5,0,0x0000000000000000,0,26,392.7
730658,1192,14001,P0,37,67.34,2,0,0x0000000000000000,0,26,392.7
731335,1155,14001,P0,37,67.99,3,0,0x0000000000000000,0,26,392.7
732004,1102,14001,P0,37,67.42,2,0,0x0000000000000000,0,26,392.7
732672,1575,14001,P0,37,73.47,3,0,0x0000000000000000,0,26,392.7
733354,1245,14001,P0,37,73.31,3,0,0x0000000000000000,0,26,392.7
734020,1252,14001,P0,37,67.76,4,0,0x0000000000000000,0,26,392.7
734709,1080,14001,P0,37,67.96,2,0,0x0000000000000000,0,26,392.7
735373,1117,14001,P0,37,66.72,4,0,0x0000000000000000,0,26,392.7
736035,1087,14001,P0,37,66.87,2,0,0x0000000000000000,0,26,392.7
736706,1110,14001,P0,37,67.70,3,0,0x0000000000000000,0,26,392.7
737371,1042,14001,P0,37,67.28,2,0,0x0000000000000000,0,26,392.7
738047,1080,14001,P0,37,66.87,2,0,0x0000000000000000,0,26,392.7
738709,1095,14001,P0,37,67.66,2,0,0x0000000000000000,0,26,392.7
739379,1065,14001,P0,37,67.03,3,0,0x0000000000000000,0,26,392.7
740071,1080,14001,P0,37,66.76,3,0,0x0000000000000000,0,26,392.7
740753,1200,14001,P0,37,67.80,4,0,0x0000000000000000,0,26,392.7
741418,1177,14001,P0,37,68.96,5,0,0x0000000000000000,0,26,392.7
742100,1087,14001,P0,37,67.94,4,0,0x0000000000000000,0,26,392.7
742763,1050,14001,P0,37,66.92,4,0,0x0000000000000000,0,26,392.7
743446,1117,14001,P0,37,66.57,3,0,0x0000000000000000,0,26,392.7
744113,1462,14001,P0,37,69.46,4,0,0x0000000000000000,0,26,392.7
744784,1477,14001,P0,37,72.17,5,0,0x0000000000000000,0,26,392.7
745450,1140,14001,P0,37,70.18,3,0,0x0000000000000000,0,26,392.7
746119,1132,14001,P0,37,68.67,3,0,0x0000000000000000,0,26,392.7
746803,1140,14001,P0,37,68.48,4,0,0x0000000000000000,0,26,392.7
747473,1275,14001,P0,37,68.58,5,0,0x0000000000000000,0.9,26,392.7
748132,2790,14001,P0,51,473.27,94,36,0x0000000000000004,1.06,26,392.7
748791,2790,14001,P0,52,577.84,96,38,0x0000000000000004,1.55,26,392.7
749456,2835,14001,P0,52,564.27,96,39,0x0000000000000004,0.83,26,393
750106,2812,14001,P0,54,576.55,97,30,0x0000000000000004,1.31,26,393
750772,2827,14001,P0,54,572.83,91,27,0x0000000000000004,1.06,26,393
751443,2820,14001,P0,53,571.22,97,31,0x0000000000000004,1.76,26,393
752088,2820,14001,P0,55,568.61,98,28,0x0000000000000004,1.21,26,393
752760,2827,14001,P0,55,562.44,97,29,0x0000000000000004,1.66,26,393
753423,2820,14001,P0,56,566.71,97,28,0x0000000000000004,1.95,26,393
754098,2910,14001,P0,48,477.15,99,69,0x0000000000000000,3.18,26,393.9
754755,2805,14001,P0,54,457.97,97,37,0x0000000000000004,0.82,26,393
755417,2797,14001,P0,53,538.03,97,35,0x0000000000000004,1.06,26,393
756080,2812,14001,P0,56,573.35,97,32,0x0000000000000004,0.7,26,393
756727,2820,14001,P0,56,577.68,98,26,0x0000000000000004,1.21,26,393
757395,2820,14001,P0,57,575.51,97,30,0x0000000000000004,0.94,26,393
758062,2827,14001,P0,57,574.64,98,29,0x0000000000000004,0.82,26,393
758737,2827,14001,P0,57,572.90,97,28,0x0000000000000004,1.88,26,393
759383,2910,14001,P0,51,521.73,99,73,0x0000000000000000,2.71,26,393
760060,2805,14001,P0,56,453.79,96,37,0x0000000000000004,1.99,26,393.8
760717,2805,14001,P0,58,533.80,98,33,0x0000000000000004,1.29,26,393.8
761367,2797,14001,P0,59,574.95,97,33,0x0000000000000004,0.96,26,393.8
762071,2790,14001,P0,59,577.80,97,26,0x0000000000000004,1.42,26,393.8
762739,2805,14001,P0,60,577.71,98,24,0x0000000000000004,1.76,26,393.8
763437,2812,14001,P0,57,571.97,97,29,0x0000000000000004,0.82,26,393.8
764099,2812,14001,P0,60,566.49,98,26,0x0000000000000004,1.81,26,393.8
764742,2902,14001,P0,53,527.77,99,72,0x0000000000000000,2.3,26,393.8
765422,2902,14001,P0,53,459.29,98,70,0x0000000000000000,3.12,26,393.8
766091,2797,14001,P0,58,524.22,96,35,0x0000000000000004,0.9,26,393.8
766742,2797,14001,P0,59,570.52,96,33,0x0000000000000004,0.96,26,393.8
767403,2797,14001,P0,58,576.67,97,32,0x0000000000000004,1.18,26,393.8
768062,2805,14001,P0,60,573.91,97,30,0x0000000000000004,1.88,26,393.8
768724,2812,14001,P0,61,576.07,99,21,0x0000000000000004,1.2,26,393.8
769400,2812,14001,P0,61,575.78,99,21,0x0000000000000004,1.41,26,393.8
770077,2902,14001,P0,55,538.63,99,71,0x0000000000000000,2.79,26,393.8
770798,2902,14001,P0,54,467.39,99,73,0x0000000000000000,2.29,26,394.5
771472,2850,14001,P0,56,435.34,95,38,0x0000000000000004,1.4,26,394.5
772124,2812,14001,P0,61,576.17,98,28,0x0000000000000004,1.06,26,394.5
772797,2820,14001,P0,62,573.99,97,30,0x0000000000000004,1.78,26,394.5
773509,2805,14001,P0,60,577.05,97,31,0x0000000000000004,1.17,26,394.5
774368,2820,14001,P0,61,562.10,99,22,0x0000000000000004,0.77,26,394.5
775027,2827,14001,P0,62,554.54,97,22,0x0000000000000004,1.09,26,394.5
775705,2827,14001,P0,63,551.87,98,25,0x0000000000000004,2,26,394.5
776372,2902,14001,P0,55,473.83,97,65,0x0000000000000000,2.81,26,394.5
777039,2902,14001,P0,55,416.21,98,70,0x0000000000000000,1.75,26,393
777694,2812,14001,P0,62,535.97,97,33,0x0000000000000004,1.06,26,393
778412,2805,14001,P0,62,567.63,98,27,0x0000000000000004,1.28,26,393
779080,2812,14001,P0,63,568.38,98,27,0x0000000000000004,1.32,26,393
779794,2812,14001,P0,59,564.27,97,30,0x0000000000000000,0.69,26,393
780464,2827,14001,P0,62,552.26,96,29,0x0000000000000004,0.89,26,393
781164,2820,14001,P0,63,567.73,98,21,0x0000000000000004,1.29,26,393
781807,2842,14001,P0,58,541.58,98,63,0x0000000000000000,2.74,26,393
782498,2902,14001,P0,57,473.07,99,72,0x0000000000000000,4.5,26,394.5
783173,2775,14001,P0,62,490.12,97,34,0x0000000000000004,0.92,26,394.5
783840,2790,14001,P0,62,560.89,96,34,0x0000000000000004,0.69,26,394.5
784504,2782,14001,P0,62,572.66,97,33,0x0000000000000004,1.29,26,394.5
785156,2790,14001,P0,62,574.05,96,30,0x0000000000000004,1.44,26,394.5
785818,2790,14001,P0,65,575.73,98,22,0x0000000000000004,1.29,26,394.5
786475,2790,14001,P0,64,574.48,99,21,0x0000000000000004,1.2,26,394.5
787160,2790,14001,P0,64,576.94,99,19,0x0000000000000004,1.54,26,394.1
787899,2782,14001,P0,64,554.50,97,38,0x0000000000000004,0.89,26,394.1
788566,2790,14001,P0,62,573.29,97,34,0x0000000000000004,0.97,26,394.1
789223,2782,14001,P0,65,575.58,98,31,0x0000000000000004,1.3,26,394.1
789882,2805,14001,P0,65,575.69,93,29,0x0000000000000004,1.06,26,394.1
790530,2782,14001,P0,65,576.72,99,23,0x0000000000000004,1.57,26,394.1
791178,2797,14001,P0,65,571.24,96,28,0x0000000000000004,1.81,26,394.1
791869,2797,14001,P0,66,575.46,97,28,0x0000000000000004,2.15,26,394.1
792541,2902,14001,P0,59,531.06,99,71,0x0000000000000000,2.13,26,394.1
793212,2797,14001,P0,62,465.28,97,38,0x0000000000000004,2.06,26,394.6
793870,2775,14001,P0,65,539.60,96,35,0x0000000000000004,0.95,26,394.6
794557,2775,14001,P0,65,577.66,97,29,0x0000000000000004,1.44,26,394.6
795204,2782,14001,P0,63,574.03,97,31,0x0000000000000004,1.03,26,394.6
795854,2790,14001,P0,66,574.54,97,30,0x0000000000000004,1.8,26,394.6
796545,2782,14001,P0,65,576.20,99,23,0x0000000000000004,1.64,26,394.6
797211,2790,14001,P0,66,574.93,99,21,0x0000000000000004,1.01,26,394.6
797905,2902,14001,P0,60,539.56,99,72,0x0000000000000000,2.37,26,394.6
798593,2812,14001,P0,65,460.19,97,38,0x0000000000000004,2.02,26,394.6
799255,2760,14001,P0,62,531.63,97,35,0x0000000000000004,1.38,26,394.6
799921,2775,14001,P0,65,576.19,96,34,0x0000000000000004,1.07,26,394.6
800571,2797,14001,P0,67,575.87,98,24,0x0000000000000004,1.53,26,394.6
801233,2782,14001,P0,64,573.06,97,30,0x0000000000000004,0.84,26,394.6
801892,2790,14001,P0,66,577.75,97,29,0x0000000000000004,1.06,26,394.6
802585,2790,14001,P0,66,575.39,97,28,0x0000000000000004,1.29,26,394.6
803238,2887,14001,P0,61,545.85,99,73,0x0000000000000000,3.68,26,394.6
803941,2902,14001,P0,60,481.99,99,73,0x0000000000000000,2.13,26,394.6
804606,2910,14001,P0,54,251.26,3,0,0x0000000000000000,0,26,394.6
805303,2910,14001,P0,53,117.18,3,0,0x0000000000000000,0,26,394.6
805998,2910,14001,P0,53,115.87,3,0,0x0000000000000000,0.67,26,393.5
806681,2782,14001,P0,61,465.07,79,22,0x0000000000000004,1.91,26,393.5
807349,2872,14001,P0,61,518.17,98,71,0x0000000000000000,2.42,26,393.5
808018,2872,14001,P0,61,502.23,97,72,0x0000000000000000,2.35,26,393.5
808680,2872,14001,P0,62,506.29,98,72,0x0000000000000000,2.7,26,393.5
809365,2872,14001,P0,62,507.04,99,73,0x0000000000000000,2.17,26,393.5
810201,2872,14001,P0,62,509.61,99,72,0x0000000000000000,2.01,26,393.5
810894,2910,14001,P0,53,316.44,2,0,0x0000000000000000,0,26,393.5
811558,2910,14001,P0,53,137.67,2,0,0x0000000000000000,0,26,393.5
812228,1815,14001,P0,51,108.80,4,0,0x0000000000000000,0,26,393.5
812905,1305,14001,P0,51,89.85,2,0,0x0000000000000000,0,26,393.5
813565,1290,14001,P0,50,76.73,3,0,0x0000000000000000,0,26,393.5
814258,1267,14001,P0,50,76.40,4,0,0x0000000000000000,0,26,393.5
814930,1170,14001,P0,50,74.95,3,0,0x0000000000000000,0,26,393.5
815629,1155,14001,P0,49,75.97,4,0,0x0000000000000000,0.23,26,397.5
816287,2730,14001,P0,61,250.33,96,30,0x0000000000000004,1.24,26,397.5
816954,2730,14001,P0,62,462.09,96,36,0x0000000000000004,1.29,26,397.5
817618,2752,14001,P0,63,574.11,96,38,0x0000000000000004,1.77,26,397.5
818289,2767,14001,P0,61,573.49,96,36,0x0000000000000004,0.59,26,397.5
818962,2752,14001,P0,64,574.53,96,37,0x0000000000000004,1.03,26,397.5
819647,2902,14001,P0,58,516.40,99,70,0x0000000000000000,1.18,26,397.5
820314,2887,14001,P0,59,456.76,99,72,0x0000000000000000,2.71,26,397.5
820961,2880,14001,P0,60,458.35,99,73,0x0000000000000000,3.13,26,397.5
821638,2880,14001,P0,60,483.90,99,73,0x0000000000000000,2.6,26,397.5
822319,2880,14001,P0,59,482.68,98,71,0x0000000000000000,2.64,26,397.5
822993,2880,14001,P0,60,481.55,99,72,0x0000000000000000,1.04,26,397.5
823665,2917,14001,P0,52,244.59,3,0,0x0000000000000000,0,26,397.5
824346,2917,14001,P0,52,114.97,2,0,0x0000000000000000,0,26,397.5
825012,2917,14001,P0,51,114.09,3,0,0x0000000000000000,0,26,397.5
825675,1305,14001,P0,50,79.42,4,0,0x0000000000000000,0,26,397.5
826339,1327,14001,P0,49,74.76,4,0,0x0000000000000000,0,26,397.5
827003,1215,14001,P0,49,74.39,4,0,0x0000000000000000,0,26,397.5
827661,1132,14001,P0,49,73.25,3,0,0x0000000000000000,0,26,397.5
828321,1162,14001,P0,48,73.14,3,0,0x0000000000000000,0,26,397.5
828994,1110,14001,P0,48,73.39,3,0,0x0000000000000000,0,26,397.5
829677,1117,14001,P0,48,75.88,4,0,0x0000000000000000,0,26,397.5
830347,1147,14001,P0,48,74.79,3,0,0x0000000000000000,0,26,397.5
831036,1327,14001,P0,48,75.78,4,0,0x0000000000000000,0,26,397.5
831697,1207,14001,P0,47,77.62,4,0,0x0000000000000000,0,26,397.5
832372,1147,14001,P0,47,75.33,3,0,0x0000000000000000,0,26,397.5
833047,1042,14001,P0,47,72.04,3,0,0x0000000000000000,0,26,397.5
833710,997,14001,P0,47,71.76,2,0,0x0000000000000000,0,26,397.5
834375,1177,14001,P0,47,71.21,5,0,0x0000000000000000,0,26,397.5
835040,1057,14001,P0,46,70.75,2,0,0x0000000000000000,0,26,397.5
835700,1005,14001,P0,46,70.46,3,0,0x0000000000000000,0,26,397.5
836380,1125,14001,P0,46,70.79,6,0,0x0000000000000000,0,26,397.5
837057,1072,14001,P0,46,70.80,5,0,0x0000000000000000,0,26,397.5
837756,1072,14001,P0,46,71.07,3,0,0x0000000000000000,0,26,397.5
838425,1215,14001,P0,46,72.23,5,0,0x0000000000000000,0,26,397.5
839095,1125,14001,P0,45,71.08,4,0,0x0000000000000000,0,26,397.5
839762,1005,14001,P0,45,70.77,2,0,0x0000000000000000,0,26,397.5
840439,1132,14001,P0,45,71.06,3,0,0x0000000000000000,0,26,397.5
841097,1207,14001,P0,45,71.59,6,0,0x0000000000000000,0,26,397.5
841784,1065,14001,P0,45,70.96,3,0,0x0000000000000000,0,26,397.5
842445,1095,14001,P0,45,71.04,5,0,0x0000000000000000,0,26,397.5
843110,1072,14001,P0,45,71.46,4,0,0x0000000000000000,0,26,397.5
843796,1087,14001,P0,45,71.31,4,0,0x0000000000000000,0,26,397.5
844463,1095,14001,P0,45,71.57,5,0,0x0000000000000000,0,26,397.5
845135,1102,14001,P0,44,70.91,5,0,0x0000000000000000,0,26,397.5
845817,1080,14001,P0,44,70.05,3,0,0x0000000000000000,0,26,397.5
846489,1087,14001,P0,44,70.58,5,0,0x0000000000000000,0,26,397.5
847154,1245,14001,P0,44,73.01,4,0,0x0000000000000000,0,26,397.5
847826,1117,14001,P0,44,72.37,3,0,0x0000000000000000,0,26,397.5
848561,1155,14001,P0,44,70.74,5,0,0x0000000000000000,0,26,397.5
849257,1102,14001,P0,44,70.15,4,0,0x0000000000000000,0,26,397.5
849934,1125,14001,P0,43,71.08,4,0,0x0000000000000000,0,26,397.5
850611,1132,14001,P0,43,70.10,4,0,0x0000000000000000,0,26,397.5
851291,1162,14001,P0,43,70.86,5,0,0x0000000000000000,0,26,397.5
851972,1132,14001,P0,43,70.98,3,0,0x0000000000000000,0,26,397.5
852624,1050,14001,P0,43,70.84,3,0,0x0000000000000000,0,26,397.5
853288,1102,14001,P0,43,70.90,5,0,0x0000000000000000,0,26,397.5
853984,1080,14001,P0,43,70.11,3,0,0x0000000000000000,0,26,397.5
854653,1065,14001,P0,43,69.88,3,0,0x0000000000000000,0,26,397.5
855335,1140,14001,P0,43,70.21,4,0,0x0000000000000000,0,26,397.5
856002,1095,14001,P0,42,70.19,5,0,0x0000000000000000,0,26,397.5
856669,1057,14001,P0,42,69.53,3,0,0x0000000000000000,0,26,397.5
857344,1162,14001,P0,42,70.21,3,0,0x0000000000000000,0,26,397.5
858032,1117,14001,P0,42,70.84,3,0,0x0000000000000000,0,26,397.5
858702,1140,14001,P0,42,70.26,3,0,0x0000000000000000,0,26,397.5
859350,1125,14001,P0,42,70.37,3,0,0x0000000000000000,0,26,397.5
860071,1057,14001,P0,42,69.95,3,0,0x0000000000000000,0,26,397.5
860729,1072,14001,P0,42,70.15,2,0,0x0000000000000000,0,26,397.5
861409,1185,14001,P0,42,70.62,4,0,0x0000000000000000,0,26,397.5
862096,1102,14001,P0,42,69.42,3,0,0x0000000000000000,0,26,397.5
862769,1087,14001,P0,42,69.66,3,0,0x0000000000000000,0,26,397.5
863440,1072,14001,P0,42,69.57,3,0,0x0000000000000000,0,26,397.5
864107,1072,14001,P0,42,68.98,3,0,0x0000000000000000,0,26,397.5
864771,1095,14001,P0,42,68.62,4,0,0x0000000000000000,0,26,397.5
865443,1035,14001,P0,42,68.72,4,0,0x0000000000000000,0,26,397.5
866156,1020,14001,P0,41,69.16,2,0,0x0000000000000000,0,26,397.5
866813,1170,14001,P0,41,69.52,2,0,0x0000000000000000,0,26,397.5
867518,1185,14001,P0,41,70.26,6,0,0x0000000000000000,0,26,397.5
868175,1590,14001,P0,41,83.35,3,0,0x0000000000000000,0,26,397.5
868870,1237,14001,P0,41,77.07,2,0,0x0000000000000000,0,26,397.5
869543,1162,14001,P0,41,69.20,3,0,0x0000000000000000,0,26,397.5
870204,1110,14001,P0,41,69.13,3,0,0x0000000000000000,0,26,397.5
870868,1200,14001,P0,41,68.59,4,0,0x0000000000000000,0,26,397.5
871531,1065,14001,P0,41,68.75,3,0,0x0000000000000000,0,26,397.5
872196,1020,14001,P0,41,68.83,3,0,0x0000000000000000,0,26,397.5
872867,1057,14001,P0,41,68.34,2,0,0x0000000000000000,0,26,397.5
873571,1087,14001,P0,41,69.10,4,0,0x0000000000000000,0,26,397.5
874257,1552,14001,P0,41,79.85,3,0,0x0000000000000000,0,26,397.5
874928,1942,14001,P0,41,81.81,14,1,0x0000000000000000,0,26,397.5
875596,1620,14001,P0,41,85.35,6,0,0x0000000000000000,0,26,397.5
876246,1627,14001,P0,41,77.51,7,0,0x0000000000000000,0,26,397.5
876928,1620,14001,P0,41,77.23,7,0,0x0000000000000000,0,26,397.5
877592,1507,14001,P0,41,77.34,6,0,0x0000000000000000,0,26,397.5
878273,1560,14001,P0,41,76.85,7,0,0x0000000000000000,0,26,397.5
878945,1492,14001,P0,41,77.55,7,0,0x0000000000000000,0,26,397.5
879667,1470,14001,P0,41,77.40,6,0,0x0000000000000000,0,26,397.5
880330,1567,14001,P0,41,77.36,7,0,0x0000000000000000,0,26,397.5
881021,1530,14001,P0,40,78.00,7,0,0x0000000000000000,0,26,397.5
881690,1537,14001,P0,41,82.18,6,0,0x0000000000000000,0,26,397.5
882359,1507,14001,P0,41,77.23,6,0,0x0000000000000000,0,26,397.5
883041,1507,14001,P0,40,75.61,5,0,0x0000000000000000,0,26,397.5
883702,1515,14001,P0,40,77.92,6,0,0x0000000000000000,0,26,397.5
884387,1560,14001,P0,40,78.07,5,0,0x0000000000000000,0,26,397.5
885065,1485,14001,P0,40,76.64,6,0,0x0000000000000000,0,26,397.5
885736,1440,14001,P0,40,77.01,5,0,0x0000000000000000,0,26,397.5
886407,1410,14001,P0,40,75.89,5,0,0x0000000000000000,0,26,397.5
887134,1462,14001,P0,40,75.88,6,0,0x0000000000000000,0,26,397.5
887813,1380,14001,P0,40,75.72,4,0,0x0000000000000000,0,26,397.5
888476,1455,14001,P0,40,75.72,6,0,0x0000000000000000,0,26,397.5
889148,1387,14001,P0,40,75.14,5,0,0x0000000000000000,0,26,397.5
889824,1485,14001,P0,40,75.52,5,0,0x0000000000000000,0,26,397.5
890484,1447,14001,P0,40,75.98,5,0,0x0000000000000000,0,26,397.5
891182,1425,14001,P0,40,75.78,6,0,0x0000000000000000,0,26,397.5
891847,1485,14001,P0,40,75.87,7,1,0x0000000000000000,0,26,397.5
892513,1432,14001,P0,40,76.06,5,0,0x0000000000000000,0,26,397.5
893169,1507,14001,P0,40,76.15,6,0,0x0000000000000000,0.35,26,395.6
893819,2797,14001,P0,52,288.89,96,37,0x0000000000000004,1.08,26,395.6
894493,2805,14001,P0,53,494.82,97,37,0x0000000000000004,1.52,26,395.6
895159,2835,14001,P0,54,559.05,96,38,0x0000000000000004,1.78,26,395.5
895831,2820,14001,P0,56,559.52,97,36,0x0000000000000004,1.37,26,395.5
896503,2820,14001,P0,56,564.40,96,34,0x0000000000000004,1.29,26,395.5
897157,2827,14001,P0,54,563.52,97,31,0x0000000000000000,1.41,26,395.5
897826,2820,14001,P0,58,564.34,98,27,0x0000000000000004,1.42,26,395.5
898485,2827,14001,P0,57,565.18,98,22,0x0000000000000004,1.53,26,395.5
899183,2827,14001,P0,57,564.90,99,20,0x0000000000000004,1.19,26,395.5
899830,2857,14001,P0,53,550.62,98,69,0x0000000000000000,2.26,26,395.5
900494,2910,14001,P0,51,483.77,99,69,0x0000000000000000,1.76,26,396.2
901201,2812,14001,P0,57,512.32,96,36,0x0000000000000004,1.11,26,396.2
901858,2820,14001,P0,59,564.15,97,34,0x0000000000000004,1.18,26,396.2
902550,2820,14001,P0,58,571.69,98,26,0x0000000000000004,1.05,26,396.2
903188,2820,14001,P0,59,570.31,98,23,0x0000000000000004,1.54,26,396.2
903864,2820,14001,P0,60,569.94,99,22,0x0000000000000004,1.28,26,396.2
904503,2827,14001,P0,60,570.74,99,21,0x0000000000000004,1.57,26,396.2
905190,2865,14001,P0,55,555.15,98,68,0x0000000000000000,1.53,26,396.2
905855,2902,14001,P0,53,482.63,99,69,0x0000000000000000,2.07,26,396.2
906508,2902,14001,P0,53,409.95,99,69,0x0000000000000000,2.28,26,396.2
907174,2812,14001,P0,58,558.41,96,34,0x0000000000000004,1.3,26,396.2
907832,2812,14001,P0,58,569.17,97,33,0x0000000000000004,2.12,26,396.2
908490,2812,14001,P0,61,571.30,98,24,0x0000000000000004,1.64,26,396.2
909169,2827,14001,P0,61,568.31,97,29,0x0000000000000004,1.41,26,396.2
909834,2820,14001,P0,61,570.65,98,28,0x0000000000000004,1.17,26,396.2
910500,2827,14001,P0,61,564.37,97,28,0x0000000000000004,1.29,26,396.2
911190,2902,14001,P0,55,516.05,99,69,0x0000000000000000,1.65,26,396.2
911855,2902,14001,P0,55,447.57,99,71,0x0000000000000000,2.57,26,396.2
912517,2812,14001,P0,60,447.47,96,37,0x0000000000000004,1.65,26,396.2
913197,2812,14001,P0,61,569.22,97,33,0x0000000000000004,1.41,26,396.2
913842,2820,14001,P0,62,568.49,96,32,0x0000000000000004,1.3,26,396.2
914496,2820,14001,P0,62,568.65,98,29,0x0000000000000004,1.33,26,396.2
915161,2820,14001,P0,63,569.39,97,29,0x0000000000000004,1.05,26,396.2
915809,2820,14001,P0,63,566.33,97,29,0x0000000000000004,1.08,26,396.2
916456,2812,14001,P0,63,572.53,98,22,0x0000000000000004,1.45,26,396.2
917121,2902,14001,P0,56,482.68,99,68,0x0000000000000000,2.48,26,396.2
917794,2902,14001,P0,56,415.01,99,69,0x0000000000000000,2.69,26,395.4
918464,2805,14001,P0,60,488.18,96,36,0x0000000000000004,1.4,26,395.4
919156,2805,14001,P0,62,569.55,96,32,0x0000000000000004,0.93,26,395.4
919817,2805,14001,P0,64,569.62,98,25,0x0000000000000004,1.38,26,395.4
920506,2812,14001,P0,60,566.81,97,30,0x0000000000000000,1.23,26,395.4
921175,2812,14001,P0,64,568.94,98,29,0x0000000000000004,0.94,26,395.4
921840,2820,14001,P0,64,568.57,97,28,0x0000000000000004,1.53,26,395.4
922493,2820,14001,P0,63,571.05,96,27,0x0000000000000004,1.77,26,395.4
923156,2902,14001,P0,57,450.37,99,69,0x0000000000000000,2.95,26,397.6
923809,2812,14001,P0,63,447.79,97,38,0x0000000000000004,1.2,26,396.7
924479,2797,14001,P0,62,528.62,97,35,0x0000000000000004,1.64,26,396.7
925125,2797,14001,P0,64,569.71,97,32,0x0000000000000004,0.96,26,396.7
925789,2805,14001,P0,64,573.17,96,31,0x0000000000000004,1.42,26,396.7
926486,2805,14001,P0,65,573.71,99,23,0x0000000000000004,1.31,26,396.7
927125,2805,14001,P0,65,573.23,98,27,0x0000000000000004,1.49,26,396.7
927816,2812,14001,P0,66,575.82,99,21,0x0000000000000004,1.3,26,396.7
928449,2857,14001,P0,60,554.85,99,68,0x0000000000000000,2.72,26,396.7
929132,2902,14001,P0,58,419.27,99,67,0x0000000000000000,3.47,26,396.7
929812,2790,14001,P0,62,487.15,96,35,0x0000000000000004,1.15,26,396.7
930449,2797,14001,P0,61,560.06,96,34,0x0000000000000004,1.21,26,396.7
931120,2797,14001,P0,65,572.33,97,25,0x0000000000000004,1.17,26,396.7
931784,2805,14001,P0,67,574.77,98,31,0x0000000000000004,0.94,26,396.7
932493,2812,14001,P0,64,571.41,97,29,0x0000000000000004,1.65,26,396.7
933146,2812,14001,P0,64,566.91,97,28,0x0000000000000000,1.33,26,396.7
933826,2812,14001,P0,67,570.89,98,27,0x0000000000000004,2.7,26,396.7
934482,2827,14001,P0,64,548.78,97,37,0x0000000000000004,1.01,26,396.7
935325,2797,14001,P0,65,574.69,98,27,0x0000000000000004,1.37,26,396.7
936018,2805,14001,P0,65,540.77,86,29,0x0000000000000000,0.95,26,396.7
936903,2812,14001,P0,66,518.66,90,29,0x0000000000000004,1.11,26,396.7
937569,2820,14001,P0,63,509.04,86,23,0x0000000000000000,1.22,26,396.7
938252,2805,14001,P0,65,567.11,98,20,0x0000000000000004,1.28,26,396.7
938918,2812,14001,P0,66,572.54,98,20,0x0000000000000004,1.29,26,396.7
939582,2895,14001,P0,60,535.72,98,69,0x0000000000000000,1.74,26,396.7
940283,2857,14001,P0,64,435.25,96,38,0x0000000000000004,2.1,26,397.5
940956,2790,14001,P0,65,508.68,96,35,0x0000000000000004,0.78,26,397.5
941610,2797,14001,P0,66,565.50,95,32,0x0000000000000004,0.94,26,397.5
942299,2805,14001,P0,66,569.66,97,29,0x0000000000000004,1.53,26,397.5
943003,2797,14001,P0,68,574.83,99,23,0x0000000000000004,1.7,26,397.5
943732,2812,14001,P0,66,570.22,97,28,0x0000000000000004,1.44,26,397.5
944404,2812,14001,P0,66,574.36,98,21,0x0000000000000004,1.07,26,397.5
945076,2812,14001,P0,68,576.22,99,20,0x0000000000000004,2.83,26,397.5
945752,2902,14001,P0,60,442.90,99,69,0x0000000000000000,2.4,26,397.5
946420,2782,14001,P0,64,465.12,97,37,0x0000000000000004,1.04,26,397.5
947083,2790,14001,P0,67,566.13,97,26,0x0000000000000004,0.94,26,397.5
947730,2805,14001,P0,66,568.46,97,32,0x0000000000000004,1.21,26,397.5
948395,2797,14001,P0,67,573.32,99,24,0x0000000000000004,1.31,26,397.5
949062,2812,14001,P0,68,571.10,97,30,0x0000000000000004,2.35,26,397.5
949700,2812,14001,P0,65,573.89,97,28,0x0000000000000004,1.56,26,397.5
950357,2812,14001,P0,68,574.62,98,24,0x0000000000000004,1.33,26,397.5
951022,2850,14001,P0,61,555.19,99,70,0x0000000000000000,2.81,26,397.5
951713,2902,14001,P0,57,420.53,99,70,0x0000000000000000,1.16,26,397.5
952386,2910,14001,P0,55,273.44,6,0,0x0000000000000000,0,26,397.5
953038,2910,14001,P0,54,123.59,6,1,0x0000000000000000,0,26,397.5
953721,2460,14001,P0,53,115.62,6,0,0x0000000000000000,0,26,397.5
954387,1717,14001,P0,52,99.59,6,0,0x0000000000000000,0,26,397.5
955083,1635,14001,P0,52,86.50,5,0,0x0000000000000000,0,26,397.5
955729,1575,14001,P0,51,85.82,5,0,0x0000000000000000,0,26,397.5
956556,1560,14001,P0,51,85.48,7,0,0x0000000000000000,0,26,397.5
957233,1552,14001,P0,51,83.95,7,1,0x0000000000000000,0,26,397.5
957909,1455,14001,P0,50,83.51,6,0,0x0000000000000000,0,26,397.5
958552,1530,14001,P0,50,83.21,8,0,0x0000000000000000,0,26,397.5
959212,1507,14001,P0,50,82.72,6,0,0x0000000000000000,0,26,397.5
959858,1410,14001,P0,50,82.56,5,0,0x0000000000000000,0,26,397.5
960508,1455,14001,P0,49,82.05,7,0,0x0000000000000000,0,26,397.5
961164,1507,14001,P0,49,82.27,7,0,0x0000000000000000,0,26,397.5
961810,1492,14001,P0,49,82.68,7,1,0x0000000000000000,0,26,397.5
962479,1462,14001,P0,49,81.75,5,0,0x0000000000000000,0,26,397.5
963132,1507,14001,P0,48,82.73,7,0,0x0000000000000000,0,26,397.5
963805,1477,14001,P0,48,81.73,6,0,0x0000000000000000,0,26,397.5
964472,1470,14001,P0,48,81.09,7,0,0x0000000000000000,0,26,397.5
965137,1492,14001,P0,48,81.06,6,0,0x0000000000000000,0,26,397.5
965805,1515,14001,P0,48,81.69,7,0,0x0000000000000000,0,26,397.5
966445,1447,14001,P0,47,81.54,5,0,0x0000000000000000,0,26,397.5
967089,1485,14001,P0,47,80.36,7,0,0x0000000000000000,0,26,397.5
967725,1462,14001,P0,47,80.17,5,0,0x0000000000000000,0,26,397.5
968406,1402,14001,P0,47,80.43,6,0,0x0000000000000000,0,26,397.5
969066,1455,14001,P0,47,79.92,5,0,0x0000000000000000,0,26,397.5
969742,1455,14001,P0,47,80.81,6,0,0x0000000000000000,0,26,397.5
970405,1440,14001,P0,46,80.31,5,0,0x0000000000000000,0,26,397.5
971072,1485,14001,P0,46,79.79,6,0,0x0000000000000000,0,26,397.5
971743,1462,14001,P0,46,79.63,5,0,0x0000000000000000,0,26,397.5
972441,1477,14001,P0,46,80.08,6,0,0x0000000000000000,0,26,397.5
973135,1432,14001,P0,46,79.29,6,0,0x0000000000000000,0,26,397.5
973795,1432,14001,P0,46,78.98,5,0,0x0000000000000000,0,26,397.5
974456,1537,14001,P0,46,79.87,7,0,0x0000000000000000,0,26,397.5
975128,1470,14001,P0,45,78.84,5,0,0x0000000000000000,0,26,397.5
975769,1515,14001,P0,46,80.00,6,0,0x0000000000000000,0,26,397.5
976437,1500,14001,P0,45,80.18,7,0,0x0000000000000000,0,26,397.5
977096,1522,14001,P0,45,79.74,6,0,0x0000000000000000,0,26,397.5
977736,1440,14001,P0,45,79.19,5,0,0x0000000000000000,0,26,397.5
978403,1447,14001,P0,45,79.41,6,0,0x0000000000000000,0,26,397.5
979068,1462,14001,P0,45,79.16,5,0,0x0000000000000000,0,26,397.5
979714,1530,14001,P0,45,79.59,6,0,0x0000000000000000,0,26,397.5
980375,1455,14001,P0,44,79.00,6,0,0x0000000000000000,0,26,397.5
981032,1537,14001,P0,44,79.08,6,0,0x0000000000000000,0,26,397.5
981686,1410,14001,P0,44,78.52,6,0,0x0000000000000000,0,26,397.5
982365,1470,14001,P0,44,78.62,6,0,0x0000000000000000,0,26,397.5
983027,1522,14001,P0,44,79.38,6,0,0x0000000000000000,0,26,397.5
983685,1402,14001,P0,44,77.73,5,0,0x0000000000000000,0,26,397.5
984353,1477,14001,P0,44,78.24,5,0,0x0000000000000000,0,26,397.5
985019,1492,14001,P0,44,78.81,6,0,0x0000000000000000,0,26,397.5
985689,1507,14001,P0,44,79.29,6,0,0x0000000000000000,0,26,397.5
986329,1515,14001,P0,44,78.69,6,0,0x0000000000000000,0,26,397.5
986997,1455,14001,P0,44,78.31,5,0,0x0000000000000000,0,26,397.5
987692,1447,14001,P0,43,78.33,5,0,0x0000000000000000,0,26,397.5
988351,1545,14001,P0,43,78.02,6,0,0x0000000000000000,0,26,397.5
989019,1485,14001,P0,43,78.01,5,0,0x0000000000000000,0,26,397.5
989668,1395,14001,P0,43,78.17,5,0,0x0000000000000000,0,26,397.5
990341,1500,14001,P0,43,77.83,6,0,0x0000000000000000,0,26,397.5
991007,1492,14001,P0,43,77.98,5,0,0x0000000000000000,0,26,397.5
991668,1485,14001,P0,43,78.54,5,0,0x0000000000000000,0,26,397.5
992317,1447,14001,P0,43,77.92,5,0,0x0000000000000000,0,26,397.5
993009,1492,14001,P0,43,77.46,6,0,0x0000000000000000,0,26,397.5
993660,1500,14001,P0,43,78.77,6,0,0x0000000000000000,0,26,397.5
994305,1447,14001,P0,43,78.30,6,0,0x0000000000000000,0,26,397.5
994987,1492,14001,P0,43,77.92,6,0,0x0000000000000000,0,26,397.5
995672,1522,14001,P0,43,79.10,6,0,0x0000000000000000,0,26,397.5
996323,1477,14001,P0,42,79.19,5,0,0x0000000000000000,0,26,397.5
996994,1522,14001,P0,42,78.73,6,0,0x0000000000000000,0,26,397.5
997636,1500,14001,P0,42,78.61,5,0,0x0000000000000000,0,26,397.5
998317,1522,14001,P0,42,78.36,6,0,0x0000000000000000,0,26,397.5
999018,1470,14001,P0,42,77.88,6,0,0x0000000000000000,0,26,397.5
999684,1402,14001,P0,42,77.64,5,0,0x0000000000000000,0,26,397.5
1000360,1507,14001,P0,42,78.11,6,0,0x0000000000000000,0,26,397.5
1001036,1455,14001,P0,42,77.67,5,0,0x0000000000000000,0,26,397.5
1001751,1965,14001,P0,42,80.19,11,1,0x0000000000000000,0,26,397.5
1002430,1845,14001,P0,42,85.46,7,1,0x0000000000000000,0,26,397.5
1003286,1725,14001,P0,42,83.94,7,0,0x0000000000000000,0,26,397.5
1003972,1657,14001,P0,42,78.82,6,0,0x0000000000000000,0,26,397.5
1004662,1522,14001,P0,42,78.51,5,0,0x0000000000000000,0,26,397.5
1005329,1612,14001,P0,42,79.47,6,0,0x0000000000000000,0,26,397.5
1005991,1575,14001,P0,42,78.93,7,0,0x0000000000000000,0,26,397.5
1006885,1575,14001,P0,41,78.21,6,0,0x0000000000000000,0,26,397.5
1007558,1582,14001,P0,41,78.23,6,0,0x0000000000000000,0,26,397.5
1008214,1567,14001,P0,41,77.62,8,1,0x0000000000000000,0,26,397.5
1008881,1522,14001,P0,41,77.32,6,0,0x0000000000000000,0,26,397.5
1009564,1545,14001,P0,41,77.49,6,0,0x0000000000000000,0,26,397.5
1010260,1552,14001,P0,41,77.32,6,0,0x0000000000000000,0,26,397.5
1010942,1545,14001,P0,41,77.58,5,0,0x0000000000000000,0,26,397.5
1011595,1545,14001,P0,41,77.84,7,0,0x0000000000000000,0,26,397.5
1012247,1552,14001,P0,41,78.32,6,0,0x0000000000000000,0,26,397.5
1013071,1552,14001,P0,41,77.98,5,0,0x0000000000000000,0,26,397.5
1013717,1447,14001,P0,41,76.47,5,0,0x0000000000000000,0,26,397.5
1014366,1537,14001,P0,41,77.23,6,0,0x0000000000000000,0,26,397.5
1015045,1665,14001,P0,41,79.06,6,0,0x0000000000000000,0,26,397.5
1015723,1560,14001,P0,41,77.67,5,0,0x0000000000000000,0,26,397.5
1016380,1605,14001,P0,41,78.14,6,0,0x0000000000000000,0,26,397.5
1017035,1545,14001,P0,41,77.64,5,0,0x0000000000000000,0,26,397.5
1017757,1560,14001,P0,41,77.16,6,0,0x0000000000000000,0,26,397.5
1018407,1575,14001,P0,41,77.94,6,0,0x0000000000000000,0,26,397.5
1019082,1537,14001,P0,41,77.61,6,0,0x0000000000000000,0,26,397.5
1019739,1455,14001,P0,40,76.22,6,0,0x0000000000000000,0,26,397.5
1020396,1462,14001,P0,40,75.52,7,0,0x0000000000000000,0,26,397.5
1021063,1515,14001,P0,41,76.04,6,0,0x0000000000000000,0,26,397.5
1021719,1455,14001,P0,40,75.25,6,0,0x0000000000000000,0,26,397.5
1022364,1500,14001,P0,40,75.53,6,0,0x0000000000000000,0,26,397.5
1023032,1507,14001,P0,40,75.51,6,0,0x0000000000000000,0,26,397.5
1023709,1425,14001,P0,40,76.02,5,0,0x0000000000000000,0,26,397.5
1024372,1462,14001,P0,40,76.61,6,0,0x0000000000000000,0,26,397.5
1025227,1447,14001,P0,40,76.38,6,0,0x0000000000000000,0,26,397.5
1025873,1470,14001,P0,40,77.18,4,0,0x0000000000000000,0,26,397.5
1026519,1507,14001,P0,40,76.39,6,0,0x0000000000000000,0,26,397.5
1027189,1492,14001,P0,40,76.52,8,1,0x0000000000000000,0,26,397.5
1027839,1402,14001,P0,40,76.29,6,0,0x0000000000000000,0,26,397.5
1028507,1462,14001,P0,40,76.13,6,0,0x0000000000000000,0,26,397.5
1029177,1477,14001,P0,40,76.05,7,0,0x0000000000000000,0,26,397.5
1029814,1455,14001,P0,40,75.61,5,0,0x0000000000000000,0,26,397.5
1030602,1455,14001,P0,40,76.28,6,0,0x0000000000000000,0,26,397.5
1031262,1500,14001,P0,40,76.98,8,0,0x0000000000000000,0,26,397.5
1032004,1477,14001,P0,40,76.19,7,1,0x0000000000000000,0,26,397.5
1032676,1440,14001,P0,40,75.92,5,0,0x0000000000000000,0,26,397.5
1033349,1500,14001,P0,40,75.81,6,0,0x0000000000000000,0,26,397.5
1034012,1440,14001,P0,40,76.30,5,0,0x0000000000000000,0,26,397.5
1034662,1455,14001,P0,40,75.99,6,0,0x0000000000000000,0,26,397.5
1035323,1530,14001,P0,40,76.49,6,0,0x0000000000000000,0,26,397.5
1035988,1432,14001,P0,40,76.04,5,0,0x0000000000000000,0,26,397.5
1036672,1432,14001,P0,40,75.87,6,0,0x0000000000000000,0,26,397.5
1037313,1500,14001,P0,40,75.91,7,1,0x0000000000000000,0,26,397.5
1037976,1455,14001,P0,39,76.60,6,0,0x0000000000000000,0,26,397.5
1038610,1432,14001,P0,39,75.55,6,0,0x0000000000000000,0,26,397.5
1039261,1462,14001,P0,39,75.50,5,0,0x0000000000000000,0,26,397.5
1039906,1425,14001,P0,39,74.87,6,0,0x0000000000000000,0,26,397.5
1040551,1507,14001,P0,40,75.53,7,0,0x0000000000000000,0,26,397.5
1041250,1455,14001,P0,40,76.30,6,0,0x0000000000000000,0,26,397.5
1042012,1470,14001,P0,39,75.93,6,0,0x0000000000000000,0,26,397.5
1042697,1372,14001,P0,39,75.25,5,0,0x0000000000000000,0,26,397.5
1043358,1425,14001,P0,39,75.26,6,0,0x0000000000000000,0,26,397.5
1044036,1485,14001,P0,39,75.96,6,0,0x0000000000000000,0,26,397.5
1044681,1567,14001,P0,39,76.66,6,0,0x0000000000000000,0,26,397.5
1045353,1530,14001,P0,39,76.29,6,0,0x0000000000000000,0,26,397.5
1046122,1492,14001,P0,39,75.64,5,0,0x0000000000000000,0,26,397.5
1046759,1515,14001,P0,39,75.90,6,0,0x0000000000000000,0,26,397.5
1047423,1455,14001,P0,39,75.58,7,0,0x0000000000000000,0,26,397.5
1048090,1485,14001,P0,39,75.56,7,0,0x0000000000000000,0,26,397.5
1048749,1485,14001,P0,39,75.56,6,0,0x0000000000000000,0,26,397.5
1049398,1432,14001,P0,39,74.95,5,0,0x0000000000000000,0,26,397.5
1050056,1447,14001,P0,39,75.24,6,0,0x0000000000000000,0,26,397.5
1050725,1530,14001,P0,39,76.53,6,0,0x0000000000000000,0,26,397.5
1051414,1485,14001,P0,39,76.59,6,0,0x0000000000000000,0,26,397.5
1052073,1590,14001,P0,39,77.17,8,1,0x0000000000000000,0,26,397.5
1052715,1395,14001,P0,39,74.43,5,0,0x0000000000000000,0,26,397.5
1053374,1417,14001,P0,39,74.86,6,0,0x0000000000000000,0,26,397.5
1054190,1455,14001,P0,39,75.47,7,0,0x0000000000000000,0,26,397.5
1054933,1455,14001,P0,39,75.90,4,0,0x0000000000000000,0,26,397.5
1055616,1552,14001,P0,39,76.30,6,0,0x0000000000000000,0,26,397.5
1056287,1470,14001,P0,39,75.94,7,0,0x0000000000000000,0,26,397.5
1056952,1432,14001,P0,39,75.38,6,0,0x0000000000000000,0,26,397.5
1057611,1447,14001,P0,39,76.99,5,0,0x0000000000000000,0,26,397.5
1058275,1500,14001,P0,39,76.41,5,0,0x0000000000000000,0,26,397.5
1058926,1462,14001,P0,39,74.74,5,0,0x0000000000000000,0,26,397.5
1059584,1447,14001,P0,39,74.15,5,0,0x0000000000000000,0,26,397.5
1060237,1410,14001,P0,39,74.77,6,0,0x0000000000000000,0,26,397.5
1060908,1372,14001,P0,39,74.14,6,1,0x0000000000000000,0,26,397.5
1061580,1500,14001,P0,39,74.25,6,0,0x0000000000000000,0,26,397.5
1062243,1440,14001,P0,39,75.21,6,0,0x0000000000000000,0,26,397.5
1062891,1350,14001,P0,39,74.62,5,0,0x0000000000000000,0,26,397.5
1063539,1440,14001,P0,39,74.20,7,0,0x0000000000000000,0,26,397.5
1064335,1425,14001,P0,39,74.81,6,0,0x0000000000000000,0,26,397.5
1065001,1485,14001,P0,38,75.18,6,0,0x0000000000000000,0,26,397.5
1065708,1485,14001,P0,39,75.98,6,0,0x0000000000000000,0,26,397.5
1066370,1447,14001,P0,39,76.03,6,0,0x0000000000000000,0,26,397.5
1067189,1485,14001,P0,39,76.26,6,0,0x0000000000000000,0,26,397.5
1067853,1515,14001,P0,38,74.83,5,0,0x0000000000000000,0,26,397.5
1068529,1447,14001,P0,38,75.05,5,0,0x0000000000000000,0,26,397.5
1069179,1402,14001,P0,38,74.86,5,0,0x0000000000000000,0,26,397.5
1069874,1462,14001,P0,38,74.67,6,0,0x0000000000000000,0,26,397.5
1070528,1470,14001,P0,38,75.05,6,0,0x0000000000000000,0,26,397.5
1071194,1447,14001,P0,38,75.71,6,0,0x0000000000000000,0,26,397.5
1071883,1410,14001,P0,38,74.45,5,0,0x0000000000000000,0,26,397.5
1072546,1440,14001,P0,38,73.72,5,0,0x0000000000000000,0,26,397.5
1073219,1455,14001,P0,38,74.55,6,0,0x0000000000000000,0,26,397.5
1073862,1425,14001,P0,38,74.28,6,0,0x0000000000000000,0,26,397.5
1074534,1470,14001,P0,38,73.77,6,0,0x0000000000000000,0,26,397.5
1075173,1440,14001,P0,38,73.88,5,0,0x0000000000000000,0,26,397.5
1075825,1380,14001,P0,38,73.81,5,0,0x0000000000000000,0,26,397.5
1076519,1455,14001,P0,38,73.65,7,0,0x0000000000000000,0,26,397.5
1077186,1342,14001,P0,38,74.18,5,0,0x0000000000000000,0,26,397.5
1077852,1455,14001,P0,38,74.40,5,0,0x0000000000000000,0,26,397.5
1078499,1492,14001,P0,38,74.45,5,0,0x0000000000000000,0,26,397.5
1079147,1410,14001,P0,38,73.83,6,0,0x0000000000000000,0,26,397.5
1079817,1417,14001,P0,38,74.00,5,0,0x0000000000000000,0,26,397.5
1080480,1470,14001,P0,38,74.35,6,0,0x0000000000000000,0,26,397.5
1081131,1410,14001,P0,38,73.91,5,0,0x0000000000000000,0,26,397.5
1081777,1357,14001,P0,38,73.12,5,0,0x0000000000000000,0,26,397.5
1082416,1402,14001,P0,38,73.66,6,0,0x0000000000000000,0,26,397.5
1083074,1380,14001,P0,38,74.41,5,0,0x0000000000000000,0,26,397.5
1083727,1410,14001,P0,38,74.95,5,0,0x0000000000000000,0,26,397.5
1084388,1492,14001,P0,38,74.69,5,0,0x0000000000000000,0,26,397.5
1085090,1380,14001,P0,38,74.49,5,0,0x0000000000000000,0,26,397.5
1085729,1417,14001,P0,38,74.94,4,0,0x0000000000000000,0,26,397.5
1086394,1425,14001,P0,38,74.59,5,0,0x0000000000000000,0,26,397.5
1087055,1440,14001,P0,38,74.19,6,0,0x0000000000000000,0,26,397.5
1087714,1507,14001,P0,38,75.77,6,0,0x0000000000000000,0,26,397.5
1088375,1462,14001,P0,38,74.74,5,0,0x0000000000000000,0,26,397.5
1089022,1372,14001,P0,38,73.49,4,0,0x0000000000000000,0,26,397.5
1089689,1455,14001,P0,38,73.61,5,0,0x0000000000000000,0,26,397.5
1090338,1380,14001,P0,38,73.75,5,0,0x0000000000000000,0,26,397.5
1090997,1402,14001,P0,38,73.82,5,0,0x0000000000000000,0,26,397.5
1091638,1477,14001,P0,38,74.36,5,0,0x0000000000000000,0,26,397.5
1092275,1425,14001,P0,38,74.72,6,0,0x0000000000000000,0,26,397.5
1092935,1455,14001,P0,38,74.20,6,0,0x0000000000000000,0,26,397.5
1093572,1440,14001,P0,38,74.20,6,0,0x0000000000000000,0,26,397.5
1094226,1500,14001,P0,38,74.11,7,0,0x0000000000000000,0,26,397.5
1094903,1447,14001,P0,38,74.28,6,0,0x0000000000000000,0,26,397.5
1095612,1455,14001,P0,38,74.49,6,0,0x0000000000000000,0,26,397.5
1096251,1462,14001,P0,38,75.05,5,0,0x0000000000000000,0,26,397.5
1096890,1380,14001,P0,38,74.62,5,0,0x0000000000000000,0,26,397.5
1097544,1470,14001,P0,38,74.24,5,0,0x0000000000000000,0,26,397.5
1098265,1395,14001,P0,38,73.23,5,0,0x0000000000000000,0,26,397.5
1098906,1410,14001,P0,38,73.72,5,0,0x0000000000000000,0,26,397.5
1099554,1432,14001,P0,38,73.90,5,0,0x0000000000000000,0,26,397.5
1100205,1447,14001,P0,38,74.08,5,0,0x0000000000000000,0,26,397.5
1100869,1500,14001,P0,38,74.37,7,1,0x0000000000000000,0,26,397.5
1101536,1507,14001,P0,38,74.32,6,0,0x0000000000000000,0,26,397.5
1102198,1455,14001,P0,38,73.89,6,0,0x0000000000000000,0,26,397.5
1102876,1402,14001,P0,38,74.09,7,0,0x0000000000000000,0,26,397.5
1103533,1477,14001,P0,38,74.42,6,0,0x0000000000000000,0,26,397.5
1104224,1477,14001,P0,38,74.19,5,0,0x0000000000000000,0,26,397.5
1104894,1462,14001,P0,38,74.49,6,0,0x0000000000000000,0,26,397.5
1105580,1492,14001,P0,38,74.59,7,0,0x0000000000000000,0,26,397.5
1106301,1522,14001,P0,38,74.69,7,1,0x0000000000000000,0,26,397.5
1106988,1500,14001,P0,38,75.31,5,0,0x0000000000000000,0,26,397.5
1107704,1492,14001,P0,38,75.68,6,0,0x0000000000000000,0,26,397.5
1108373,1440,14001,P0,38,74.98,6,0,0x0000000000000000,0,26,397.5
1109184,1432,14001,P0,38,73.70,6,0,0x0000000000000000,0,26,397.5
1109875,1455,14001,P0,38,75.42,6,0,0x0000000000000000,0,26,397.5
1110538,1500,14001,P0,38,75.85,6,0,0x0000000000000000,0,26,397.5
1111185,1455,14001,P0,38,73.80,6,0,0x0000000000000000,0,26,397.5
1111848,1387,14001,P0,37,74.20,6,0,0x0000000000000000,0,26,397.5
1112494,1357,14001,P0,38,73.59,6,0,0x0000000000000000,0,26,397.5
1113153,1402,14001,P0,38,73.80,5,0,0x0000000000000000,0,26,397.5
1113845,1372,14001,P0,37,73.69,5,0,0x0000000000000000,0,26,397.5
1114497,1447,14001,P0,37,74.08,6,0,0x0000000000000000,0,26,397.5
1115168,1492,14001,P0,38,73.19,7,1,0x0000000000000000,0,26,397.5
1115811,1530,14001,P0,37,74.53,8,0,0x0000000000000000,0,26,397.5
1116465,1395,14001,P0,38,74.68,6,0,0x0000000000000000,0,26,397.5
1117147,1522,14001,P0,37,74.15,5,0,0x0000000000000000,0,26,397.5
1117812,1387,14001,P0,37,74.64,4,0,0x0000000000000000,0,26,397.5
1118460,1477,14001,P0,37,74.66,7,0,0x0000000000000000,0,26,397.5
1119121,1485,14001,P0,37,73.75,6,0,0x0000000000000000,0,26,397.5
1119778,1425,14001,P0,37,74.06,6,0,0x0000000000000000,0,26,397.5
1120454,1455,14001,P0,37,74.39,7,0,0x0000000000000000,0,26,397.5
1121103,1432,14001,P0,37,73.97,5,0,0x0000000000000000,0,26,397.5
1121751,1395,14001,P0,37,73.58,7,0,0x0000000000000000,0,26,397.5
1122405,1500,14001,P0,37,74.40,6,0,0x0000000000000000,0,26,397.5
1123064,1410,14001,P0,37,74.78,6,0,0x0000000000000000,0,26,397.5
1123720,1372,14001,P0,37,73.54,6,0,0x0000000000000000,0,26,397.5
1124375,1402,14001,P0,37,73.78,6,0,0x0000000000000000,0,26,397.5
1125018,1395,14001,P0,37,73.72,6,0,0x0000000000000000,0,26,397.5
1125662,1387,14001,P0,37,73.43,7,0,0x0000000000000000,0,26,397.5
1126323,1477,14001,P0,37,74.01,6,0,0x0000000000000000,0,26,397.5
1126986,1380,14001,P0,37,74.85,5,0,0x0000000000000000,0,26,397.5
1127646,1312,14001,P0,37,73.40,6,0,0x0000000000000000,0,26,397.5
1128542,1537,14001,P0,37,74.10,8,1,0x0000000000000000,0,26,397.5
1129209,1455,14001,P0,37,75.80,6,0,0x0000000000000000,0,26,397.5
1129869,1477,14001,P0,37,75.35,4,0,0x0000000000000000,0,26,397.5
1130540,1515,14001,P0,37,75.20,7,1,0x0000000000000000,0,26,397.5
1131199,1777,14001,P0,37,79.42,7,0,0x0000000000000000,0,26,397.5
1131868,1537,14001,P0,37,80.22,6,0,0x0000000000000000,0,26,397.5
1132647,1530,14001,P0,37,75.90,6,0,0x0000000000000000,0,26,397.5
1133304,1575,14001,P0,37,77.48,6,1,0x0000000000000000,0,26,397.5
1133960,1507,14001,P0,37,76.67,6,0,0x0000000000000000,0,26,397.5
1134606,1477,14001,P0,37,75.00,6,0,0x0000000000000000,0,26,397.5
1135273,1537,14001,P0,37,75.01,6,0,0x0000000000000000,0,26,397.5
1135920,1455,14001,P0,37,74.49,5,0,0x0000000000000000,0,26,397.5
1136651,1447,14001,P0,37,74.45,6,1,0x0000000000000000,0,26,397.5
1137400,1477,14001,P0,37,75.94,5,0,0x0000000000000000,0,26,397.5
1138054,1537,14001,P0,37,76.23,6,0,0x0000000000000000,0,26,397.5
1138701,1425,14001,P0,37,74.34,5,0,0x0000000000000000,0,26,397.5
1139393,1447,14001,P0,37,73.92,6,1,0x0000000000000000,0,26,397.5
1140058,1522,14001,P0,37,75.00,7,1,0x0000000000000000,0,26,397.5
1140719,1462,14001,P0,37,76.07,7,0,0x0000000000000000,0,26,397.5
1141377,1537,14001,P0,37,76.51,6,0,0x0000000000000000,0,26,397.5
1142092,1477,14001,P0,37,76.12,6,0,0x0000000000000000,0,26,397.5
1142766,1762,14001,P0,37,82.23,7,0,0x0000000000000000,0,26,397.5
1143411,1627,14001,P0,37,79.70,7,1,0x0000000000000000,0,26,397.5
1144056,1537,14001,P0,37,75.65,6,0,0x0000000000000000,0,26,397.5
1144723,1500,14001,P0,37,75.27,5,0,0x0000000000000000,0,26,397.5
1145380,1590,14001,P0,37,75.31,6,0,0x0000000000000000,0,26,397.5
1146048,1530,14001,P0,37,75.81,6,0,0x0000000000000000,0,26,397.5
1146718,1372,14001,P0,37,75.81,8,1,0x0000000000000000,0,26,397.5
1147392,1927,14001,P0,38,81.19,12,1,0x0000000000000000,0,26,397.5
1148054,1635,14001,P0,37,82.34,6,0,0x0000000000000000,0,26,397.5
1148708,1477,14001,P0,37,75.17,5,0,0x0000000000000000,0,26,397.5
1149364,1575,14001,P0,37,74.51,6,0,0x0000000000000000,0,26,397.5
1150038,1530,14001,P0,37,74.37,5,0,0x0000000000000000,0,26,397.5
1150696,1485,14001,P0,37,75.57,6,0,0x0000000000000000,0,26,397.5
1151339,1485,14001,P0,37,75.66,6,0,0x0000000000000000,0,26,397.5
1152003,1447,14001,P0,37,75.14,5,0,0x0000000000000000,0,26,397.5
1152660,1372,14001,P0,37,74.64,5,0,0x0000000000000000,0,26,397.5
1153362,1485,14001,P0,37,75.51,8,1,0x0000000000000000,0,26,397.5
1154028,1815,14001,P0,37,79.04,8,0,0x0000000000000000,0,26,397.5
1154719,1575,14001,P0,37,75.60,3,0,0x0000000000000000,0,26,397.5
1155413,1470,14001,P0,37,73.43,5,0,0x0000000000000000,0,26,397.5
1156090,1200,14001,P0,37,69.24,2,0,0x0000000000000000,0,26,397.5
1156742,1830,14001,P0,37,82.99,8,0,0x0000000000000000,0,26,397.5
1157401,1267,14001,P0,37,75.86,3,0,0x0000000000000000,0,26,397.5
1158066,1200,14001,P0,37,67.58,1,0,0x0000000000000000,0,26,397.5
1158721,1305,14001,P0,37,68.02,4,0,0x0000000000000000,0,26,397.5
1159378,1147,14001,P0,37,69.12,3,0,0x0000000000000000,0,26,397.5
1160040,1162,14001,P0,37,67.78,3,0,0x0000000000000000,0,26,397.5
1160674,990,14001,P0,37,66.31,3,0,0x0000000000000000,0,26,397.5
1161314,1020,14001,P0,37,65.95,2,0,0x0000000000000000,0,26,397.5
1161989,960,14001,P0,37,65.92,3,0,0x0000000000000000,0,26,397.5
1162722,1260,14001,P0,37,69.74,4,0,0x0000000000000000,0,26,397.5
1163403,1095,14001,P0,37,70.18,2,0,0x0000000000000000,0,26,397.5
1164065,1035,14001,P0,37,67.94,3,0,0x0000000000000000,0,26,397.5
1164714,1155,14001,P0,37,69.30,3,0,0x0000000000000000,0,26,397.5
1165393,1282,14001,P0,37,68.90,3,0,0x0000000000000000,0,26,397.5
1166150,997,14001,P0,37,67.64,2,0,0x0000000000000000,0,26,397.5
1166907,1087,14001,P0,37,68.61,8,0,0x0000000000000000,0,26,397.5
1167554,1290,14001,P0,37,71.62,4,0,0x0000000000000000,0,26,397.5
1168220,1117,14001,P0,37,67.60,5,0,0x0000000000000000,0,26,397.5
1168854,1042,14001,P0,37,67.75,2,0,0x0000000000000000,0,26,397.5
1169508,1057,14001,P0,37,67.00,3,0,0x0000000000000000,0,26,397.5
1170154,1057,14001,P0,37,66.43,5,0,0x0000000000000000,0,26,397.5
1170789,1057,14001,P0,37,67.14,3,0,0x0000000000000000,0,26,397.5
1171439,1057,14001,P0,37,67.58,3,0,0x0000000000000000,0,26,397.5
1172088,922,14001,P0,36,66.73,2,0,0x0000000000000000,0,26,397.5
1172785,960,14001,P0,36,66.21,2,0,0x0000000000000000,0,26,397.5
1173452,982,14001,P0,37,66.38,4,0,0x0000000000000000,0,26,397.5
1174120,1537,14001,P0,37,70.45,8,0,0x0000000000000000,0,26,397.5
1174959,1777,14001,P0,37,80.74,6,0,0x0000000000000000,0,26,397.5
1175840,2025,14001,P0,37,82.21,9,1,0x0000000000000000,0,26,397.5
1176504,1312,14001,P0,37,72.54,5,0,0x0000000000000000,0,26,397.5
1177210,1215,14001,P0,37,68.83,3,0,0x0000000000000000,0,26,397.5
1177891,1065,14001,P0,36,67.65,3,0,0x0000000000000000,0,26,397.5
1178554,1095,14001,P0,36,66.62,5,0,0x0000000000000000,0,26,397.5
1179221,1020,14001,P0,37,66.46,3,0,0x0000000000000000,0,26,397.5
1179879,990,14001,P0,36,66.62,4,0,0x0000000000000000,0,26,397.5
1180520,1027,14001,P0,37,66.99,5,0,0x0000000000000000,0,26,397.5
1181180,1072,14001,P0,37,68.67,5,0,0x0000000000000000,0,26,397.5
1181826,960,14001,P0,36,67.01,3,0,0x0000000000000000,0,26,397.5
1182478,1057,14001,P0,37,66.98,4,0,0x0000000000000000,0,26,397.5
1183185,1042,14001,P0,36,68.00,5,0,0x0000000000000000,0,26,397.5
1183845,937,14001,P0,36,67.49,3,0,0x0000000000000000,0,26,397.5
1184484,1170,14001,P0,36,67.87,4,0,0x0000000000000000,0,26,397.5
1185128,1170,14001,P0,36,68.01,3,0,0x0000000000000000,0,26,397.5
1185806,982,14001,P0,36,67.25,1,0,0x0000000000000000,0,26,397.5
1186473,1057,14001,P0,37,67.17,5,0,0x0000000000000000,0,26,397.5
1187148,1170,14001,P0,36,68.62,4,0,0x0000000000000000,0,26,397.5
1187828,1042,14001,P0,36,68.05,2,0,0x0000000000000000,0,26,397.5
1188471,1170,14001,P0,36,67.83,3,0,0x0000000000000000,0,26,397.5
1189108,1057,14001,P0,36,67.61,3,0,0x0000000000000000,0,26,397.5
1189765,1005,14001,P0,36,67.14,2,0,0x0000000000000000,0,26,397.5
1190404,1072,14001,P0,36,67.16,3,0,0x0000000000000000,0,26,397.5
1191069,1012,14001,P0,36,66.93,2,0,0x0000000000000000,0,26,397.5
1191716,1057,14001,P0,36,67.24,3,0,0x0000000000000000,0,26,397.5
1192411,1102,14001,P0,36,68.15,5,0,0x0000000000000000,0,26,397.5
1193090,1057,14001,P0,36,67.98,2,0,0x0000000000000000,0,26,397.5
1193784,960,14001,P0,36,66.60,2,0,0x0000000000000000,0,26,397.5
1194449,1110,14001,P0,36,67.24,5,0,0x0000000000000000,0,26,397.5
1195109,997,14001,P0,36,67.29,1,0,0x0000000000000000,0,26,397.5
1195748,915,14001,P0,36,66.46,2,0,0x0000000000000000,0,26,397.5
1196379,1020,14001,P0,36,65.71,4,0,0x0000000000000000,0,26,397.5
1197053,915,14001,P0,36,65.41,2,0,0x0000000000000000,0,26,397.5
1197699,967,14001,P0,36,66.69,2,0,0x0000000000000000,0,26,397.5
1198420,1005,14001,P0,36,66.36,4,0,0x0000000000000000,0,26,397.5
1199213,1042,14001,P0,36,66.51,2,0,0x0000000000000000,0,26,397.5
1199880,1012,14001,P0,36,67.06,2,0,0x0000000000000000,0,26,397.5
1200608,1140,14001,P0,36,66.89,3,0,0x0000000000000000,0,26,397.5
1201268,1095,14001,P0,36,66.34,3,0,0x0000000000000000,0,26,397.5
1201921,960,14001,P0,36,66.12,2,0,0x0000000000000000,0,26,397.5
1202557,1177,14001,P0,36,66.94,3,0,0x0000000000000000,0,26,397.5
1203189,1155,14001,P0,36,66.94,3,0,0x0000000000000000,0,26,397.5
1203840,990,14001,P0,36,66.59,2,0,0x0000000000000000,0,26,397.5
1204494,1102,14001,P0,36,65.61,3,0,0x0000000000000000,0,26,397.5
1205162,1087,14001,P0,36,66.15,3,0,0x0000000000000000,0,26,397.5
1205852,930,14001,P0,36,65.92,2,0,0x0000000000000000,0,26,397.5
1206500,1027,14001,P0,36,66.60,4,0,0x0000000000000000,0,26,397.5
1207165,1275,14001,P0,36,69.28,5,0,0x0000000000000000,0,26,397.5
1207857,1147,14001,P0,36,70.83,3,0,0x0000000000000000,0,26,397.5
1208511,1462,14001,P0,36,72.20,7,1,0x0000000000000000,0,26,397.5
1209197,1605,14001,P0,36,72.79,2,0,0x0000000000000000,0,26,397.5
1209839,1875,14001,P0,36,77.77,2,0,0x0000000000000000,0,26,397.5
1210515,1402,14001,P0,37,76.18,8,0,0x0000000000000000,0,26,397.5
1211173,1747,14001,P0,37,80.79,8,1,0x0000000000000000,0,26,397.5
1211843,1890,14001,P0,36,81.13,5,0,0x0000000000000000,0,26,397.5
1212523,1770,14001,P0,37,81.41,5,0,0x0000000000000000,0,26,397.5
1213194,1350,14001,P0,36,73.79,3,0,0x0000000000000000,0,26,397.5
1213867,1687,14001,P0,37,72.31,6,0,0x0000000000000000,0,26,397.5
1214538,1822,14001,P0,37,77.47,8,0,0x0000000000000000,0,26,397.5
1215189,1807,14001,P0,36,81.39,5,0,0x0000000000000000,0,26,397.5
1215852,1830,14001,P0,37,80.25,6,0,0x0000000000000000,0.12,26,397.5
1216515,1815,14001,P0,37,81.26,6,0,0x0000000000000000,0,26,397.5
1217162,1320,14001,P0,36,70.26,4,0,0x0000000000000000,0,26,397.5
1217810,1155,14001,P0,36,68.56,3,0,0x0000000000000000,0,26,397.5
1218461,1207,14001,P0,36,68.05,3,0,0x0000000000000000,0,26,397.5
1219124,1132,14001,P0,36,70.59,4,0,0x0000000000000000,0,26,397.5
1219779,1177,14001,P0,36,66.65,1,0,0x0000000000000000,0,26,397.5
1220451,1125,14001,P0,36,66.34,3,0,0x0000000000000000,0,26,397.5
1221097,1155,14001,P0,36,66.68,2,0,0x0000000000000000,0,26,397.5
1221747,1065,14001,P0,36,66.60,3,0,0x0000000000000000,0,26,397.5
1222381,1117,14001,P0,36,67.05,3,0,0x0000000000000000,0,26,397.5
1223037,1185,14001,P0,36,67.68,3,0,0x0000000000000000,0,26,397.5
1223680,1110,14001,P0,36,69.61,2,0,0x0000000000000000,0,26,397.5
1224340,1237,14001,P0,36,68.74,4,0,0x0000000000000000,0,26,397.5
1224997,1050,14001,P0,36,70.01,6,0,0x0000000000000000,0,26,397.5
1225652,1065,14001,P0,36,69.03,4,0,0x0000000000000000,0,26,397.5
1226293,1147,14001,P0,36,69.75,4,0,0x0000000000000000,0,26,397.5
1226943,1050,14001,P0,36,68.25,2,0,0x0000000000000000,0,26,397.5
1227619,1102,14001,P0,36,66.34,3,0,0x0000000000000000,0,26,397.5
1228273,1080,14001,P0,36,66.82,3,0,0x0000000000000000,0,26,397.5
1228940,997,14001,P0,36,66.70,2,0,0x0000000000000000,0,26,397.5
1229599,1035,14001,P0,36,66.24,3,0,0x0000000000000000,0,26,397.5
1230259,1125,14001,P0,36,66.36,2,0,0x0000000000000000,0,26,397.5
1230921,1005,14001,P0,36,66.50,3,0,0x0000000000000000,0,26,397.5
1231587,1132,14001,P0,36,66.54,3,0,0x0000000000000000,0,26,397.5
1232236,1125,14001,P0,36,66.32,3,0,0x0000000000000000,0,26,397.5
1232922,975,14001,P0,36,66.34,2,0,0x0000000000000000,0,26,397.5
1233563,1080,14001,P0,36,66.29,4,0,0x0000000000000000,0,26,397.5
1234215,1170,14001,P0,36,65.86,2,0,0x0000000000000000,0,26,397.5
1234923,1020,14001,P0,36,66.62,3,0,0x0000000000000000,0,26,397.5
1235560,1155,14001,P0,36,66.87,2,0,0x0000000000000000,0,26,397.5
1236289,1080,14001,P0,36,66.86,4,0,0x0000000000000000,0,26,397.5
1237041,945,14001,P0,36,66.97,5,0,0x0000000000000000,0,26,397.5
1237707,967,14001,P0,36,66.40,3,0,0x0000000000000000,0,26,397.5
1238361,1162,14001,P0,36,67.06,3,0,0x0000000000000000,0,26,397.5
1239029,967,14001,P0,36,67.24,4,0,0x0000000000000000,0,26,397.5
1239686,960,14001,P0,36,66.01,3,0,0x0000000000000000,0,26,397.5
1240323,1110,14001,P0,36,66.27,3,0,0x0000000000000000,0,26,397.5
1240962,967,14001,P0,36,66.37,4,0,0x0000000000000000,0,26,397.5
1241621,1027,14001,P0,36,66.04,3,0,0x0000000000000000,0,26,397.5
1242276,1065,14001,P0,36,66.51,2,0,0x0000000000000000,0,26,397.5
1242917,990,14001,P0,36,66.72,4,0,0x0000000000000000,0,26,397.5
1243578,1087,14001,P0,36,66.47,2,0,0x0000000000000000,0,26,397.5
1244245,1042,14001,P0,36,66.01,3,0,0x0000000000000000,0,26,397.5
1244935,982,14001,P0,36,66.38,2,0,0x0000000000000000,0,26,397.5
1245589,1080,14001,P0,36,66.75,4,0,0x0000000000000000,0,26,397.5
1246270,1102,14001,P0,36,67.75,3,0,0x0000000000000000,0,26,397.5
1246935,982,14001,P0,36,67.63,3,0,0x0000000000000000,0,26,397.5
1247596,1125,14001,P0,36,66.53,3,0,0x0000000000000000,0,26,397.5
1248269,1012,14001,P0,36,66.73,5,0,0x0000000000000000,0,26,397.5
1248962,1200,14001,P0,36,68.11,1,0,0x0000000000000000,0,26,397.5
1249626,1110,14001,P0,36,67.24,2,0,0x0000000000000000,0,26,397.5
1250268,1095,14001,P0,36,67.92,4,0,0x0000000000000000,0,26,397.5
1250915,1020,14001,P0,36,67.64,3,0,0x0000000000000000,0,26,397.5
1251561,1140,14001,P0,36,67.89,4,0,0x0000000000000000,0,26,397.5
1252196,1087,14001,P0,36,67.38,3,0,0x0000000000000000,0,26,397.5
1252858,922,14001,P0,36,67.22,3,0,0x0000000000000000,0,26,397.5
1253506,1125,14001,P0,36,67.95,5,0,0x0000000000000000,0,26,397.5
1254183,1200,14001,P0,36,67.27,4,0,0x0000000000000000,0,26,397.5
1254830,982,14001,P0,36,67.28,2,0,0x0000000000000000,0,26,397.5
1255476,1215,14001,P0,36,67.37,4,0,0x0000000000000000,0,26,397.5
1256106,990,14001,P0,36,66.68,2,0,0x0000000000000000,0,26,397.5
1256756,1035,14001,P0,36,67.03,2,0,0x0000000000000000,0,26,397.5
1257421,1230,14001,P0,36,67.16,3,0,0x0000000000000000,0,26,397.5
1258064,1050,14001,P0,36,67.88,2,0,0x0000000000000000,0,26,397.5
1258739,1005,14001,P0,36,67.51,2,0,0x0000000000000000,0,26,397.5
1259399,1140,14001,P0,36,67.56,2,0,0x0000000000000000,0,26,397.5
1260049,1020,14001,P0,36,67.42,2,0,0x0000000000000000,0,26,397.5
1260702,1080,14001,P0,36,67.49,2,0,0x0000000000000000,0,26,397.5
1261365,1207,14001,P0,36,67.59,4,0,0x0000000000000000,0,26,397.5
1262011,1005,14001,P0,36,67.01,2,0,0x0000000000000000,0,26,397.5
1262666,975,14001,P0,36,67.03,3,0,0x0000000000000000,0,26,397.5
1263357,1080,14001,P0,36,67.37,4,0,0x0000000000000000,0,26,397.5
1264032,1065,14001,P0,36,67.82,2,0,0x0000000000000000,0,26,397.5
1264665,1035,14001,P0,36,67.95,3,0,0x0000000000000000,0,26,397.5
1265345,1140,14001,P0,36,68.30,3,0,0x0000000000000000,0,26,397.5
1266005,1057,14001,P0,36,68.15,3,0,0x0000000000000000,0,26,397.5
1266663,1027,14001,P0,36,67.33,3,0,0x0000000000000000,0,26,397.5
1267298,1087,14001,P0,36,66.31,2,0,0x0000000000000000,0,26,397.5
1267989,1005,14001,P0,36,67.21,2,0,0x0000000000000000,0,26,397.5
1268627,1117,14001,P0,36,67.38,2,0,0x0000000000000000,0,26,397.5
1269290,1140,14001,P0,36,68.84,3,0,0x0000000000000000,0,26,397.5
1269956,1102,14001,P0,36,67.99,2,0,0x0000000000000000,0,26,397.5
1270597,1050,14001,P0,36,65.90,3,0,0x0000000000000000,0,26,397.5
1271254,1020,14001,P0,36,65.79,3,0,0x0000000000000000,0,26,397.5
1271924,945,14001,P0,36,65.73,2,0,0x0000000000000000,0,26,397.5
1272561,997,14001,P0,36,66.00,3,0,0x0000000000000000,0,26,397.5
1273272,1087,14001,P0,36,66.79,6,1,0x0000000000000000,0,26,397.5
1273947,967,14001,P0,36,67.35,2,0,0x0000000000000000,0,26,397.5
1274585,1057,14001,P0,36,67.05,4,0,0x0000000000000000,0,26,397.5
1275246,997,14001,P0,36,65.81,6,0,0x0000000000000000,0,26,397.5
1275910,967,14001,P0,36,65.77,1,0,0x0000000000000000,0,26,397.5
1276591,1035,14001,P0,36,66.78,4,0,0x0000000000000000,0,26,397.5
1277247,1162,14001,P0,36,66.89,6,0,0x0000000000000000,0,26,397.5
1277913,1005,14001,P0,36,66.85,3,0,0x0000000000000000,0,26,397.5
1278565,1170,14001,P0,36,67.38,4,0,0x0000000000000000,0,26,397.5
1279230,1072,14001,P0,36,66.02,5,0,0x0000000000000000,0,26,397.5
1279883,990,14001,P0,36,66.23,3,0,0x0000000000000000,0,26,397.5
1280549,1080,14001,P0,36,66.13,3,0,0x0000000000000000,0,26,397.5
1281213,1215,14001,P0,36,68.07,4,0,0x0000000000000000,0,26,397.5
1281850,952,14001,P0,36,67.99,4,0,0x0000000000000000,0,26,397.5
1282493,1110,14001,P0,36,66.83,4,0,0x0000000000000000,0,26,397.5
1283172,1110,14001,P0,36,66.56,3,0,0x0000000000000000,0,26,397.5
1283829,967,14001,P0,36,66.05,2,0,0x0000000000000000,0,26,397.5
1284492,1125,14001,P0,36,66.11,4,0,0x0000000000000000,0,26,397.5
1285125,952,14001,P0,36,66.77,3,0,0x0000000000000000,0,26,397.5
1285778,945,14001,P0,36,66.20,2,0,0x0000000000000000,0,26,397.5
1286447,1170,14001,P0,36,66.47,4,0,0x0000000000000000,0,26,397.5
1287106,1080,14001,P0,36,67.58,3,0,0x0000000000000000,0,26,397.5
1287782,975,14001,P0,36,65.86,2,0,0x0000000000000000,0,26,397.5
1288443,1080,14001,P0,36,66.17,4,0,0x0000000000000000,0,26,397.5
1289111,945,14001,P0,36,66.88,3,0,0x0000000000000000,0,26,397.5
1289766,990,14001,P0,36,66.35,3,0,0x0000000000000000,0,26,397.5
1290433,1095,14001,P0,36,65.41,3,0,0x0000000000000000,0,26,397.5
1291093,997,14001,P0,36,65.50,4,0,0x0000000000000000,0,26,397.5
1291762,1005,14001,P0,36,65.80,2,0,0x0000000000000000,0,26,397.5
1292412,1065,14001,P0,36,66.81,5,0,0x0000000000000000,0,26,397.5
1293179,1275,14001,P0,36,68.11,2,0,0x0000000000000000,0,26,397.5
1293844,1530,14001,P0,36,72.72,6,0,0x0000000000000000,0,26,397.5
1294479,1732,14001,P0,36,76.53,7,0,0x0000000000000000,0,26,397.5
1295137,1695,14001,P0,36,76.03,4,0,0x0000000000000000,0,26,397.5
1295800,1627,14001,P0,36,77.22,8,0,0x0000000000000000,0,26,397.5
1296474,1792,14001,P0,36,80.34,10,1,0x0000000000000000,0,26,397.5
1297188,1260,14001,P0,36,68.48,2,0,0x0000000000000000,0,26,397.5
1297843,1102,14001,P0,36,67.26,1,0,0x0000000000000000,0,26,397.5
1298475,1095,14001,P0,36,66.69,2,0,0x0000000000000000,0,26,397.5
1299126,1087,14001,P0,36,66.14,2,0,0x0000000000000000,0,26,397.5
1299786,1042,14001,P0,36,66.86,2,0,0x0000000000000000,0,26,397.5
1300485,1125,14001,P0,36,65.80,2,0,0x0000000000000000,0,26,397.5
1301168,1065,14001,P0,36,66.60,3,0,0x0000000000000000,0,26,397.5
1301803,1057,14001,P0,36,66.49,2,0,0x0000000000000000,0,26,397.5
1302440,1087,14001,P0,36,66.95,2,0,0x0000000000000000,0,26,397.5
1303087,930,14001,P0,36,66.52,3,0,0x0000000000000000,0,26,397.5
1303743,922,14001,P0,36,66.39,2,0,0x0000000000000000,0,26,397.5
1304405,1140,14001,P0,36,67.10,3,0,0x0000000000000000,0,26,397.5
1305079,1087,14001,P0,36,68.37,3,0,0x0000000000000000,0,26,397.5
1305786,1177,14001,P0,36,72.80,3,0,0x0000000000000000,0,26,397.5
1306494,1200,14001,P0,36,69.38,3,0,0x0000000000000000,0,26,397.5
1307224,1252,14001,P0,36,67.77,2,0,0x0000000000000000,0,26,397.5
1307892,990,14001,P0,36,67.89,2,0,0x0000000000000000,0,26,397.5
1308568,1177,14001,P0,36,68.11,4,0,0x0000000000000000,0,26,397.5
1309255,1245,14001,P0,36,68.61,4,0,0x0000000000000000,0,26,397.5
1309941,1027,14001,P0,36,67.62,2,0,0x0000000000000000,0,26,397.5
1310592,1252,14001,P0,36,67.00,3,0,0x0000000000000000,0,26,397.5
1311251,1065,14001,P0,36,66.57,3,0,0x0000000000000000,0,26,397.5
1311917,975,14001,P0,36,67.45,3,0,0x0000000000000000,0,26,397.5
1312566,1110,14001,P0,36,68.26,3,0,0x0000000000000000,0,26,397.5
1313283,1222,14001,P0,36,68.42,4,0,0x0000000000000000,0,26,397.5
1313932,1125,14001,P0,36,68.26,3,0,0x0000000000000000,0,26,397.5
1314579,1297,14001,P0,36,68.64,4,0,0x0000000000000000,0,26,397.5
1315302,1230,14001,P0,36,68.54,4,0,0x0000000000000000,0,26,397.5
1315988,1080,14001,P0,36,68.19,4,0,0x0000000000000000,0,26,397.5
1316655,1072,14001,P0,36,68.34,4,0,0x0000000000000000,0,26,397.5
1317309,1125,14001,P0,36,68.37,3,0,0x0000000000000000,0,26,397.5
1317972,1200,14001,P0,36,68.54,2,0,0x0000000000000000,0,26,397.5
1318659,1200,14001,P0,36,68.46,3,0,0x0000000000000000,0,26,397.5
1319383,1155,14001,P0,36,68.89,2,0,0x0000000000000000,0,26,397.5
1320026,1177,14001,P0,36,68.90,3,0,0x0000000000000000,0,26,397.5
1320694,1147,14001,P0,36,67.43,3,0,0x0000000000000000,0,26,397.5
1321371,1140,14001,P0,36,68.30,3,0,0x0000000000000000,0,26,397.5
1322065,1095,14001,P0,36,67.89,3,0,0x0000000000000000,0,26,397.5
1322754,1095,14001,P0,36,67.85,3,0,0x0000000000000000,0,26,397.5
1323415,1275,14001,P0,36,69.49,3,0,0x0000000000000000,0,26,397.5
1324075,1102,14001,P0,36,69.14,2,0,0x0000000000000000,0,26,397.5
1324752,1050,14001,P0,36,67.32,1,0,0x0000000000000000,0,26,397.5
1325458,1230,14001,P0,36,67.79,4,0,0x0000000000000000,0,26,397.5
1326136,1087,14001,P0,36,68.13,3,0,0x0000000000000000,0,26,397.5
1326789,1072,14001,P0,36,68.96,4,0,0x0000000000000000,0,26,397.5
1327457,1567,14001,P0,36,69.71,4,0,0x0000000000000000,0,26,397.5
1328108,1170,14001,P0,36,70.17,3,0,0x0000000000000000,0,26,397.5
1328897,1245,14001,P0,36,68.91,3,0,0x0000000000000000,0,26,397.5
1329534,1170,14001,P0,36,68.16,2,0,0x0000000000000000,0,26,397.5
1330197,1192,14001,P0,36,67.36,4,0,0x0000000000000000,0,26,397.5
1330860,1155,14001,P0,36,67.73,3,0,0x0000000000000000,0,26,397.5
1331539,1327,14001,P0,36,68.59,3,0,0x0000000000000000,0,26,397.5
1332201,1162,14001,P0,36,68.53,4,0,0x0000000000000000,0,26,397.5
1332839,982,14001,P0,36,66.90,2,0,0x0000000000000000,0,26,397.5
1333485,1132,14001,P0,36,65.38,4,0,0x0000000000000000,0,26,397.5
1334120,1035,14001,P0,36,66.20,2,0,0x0000000000000000,0,26,397.5
1334914,1072,14001,P0,36,67.72,3,0,0x0000000000000000,0,26,397.5
1335578,1222,14001,P0,36,67.94,4,0,0x0000000000000000,0,26,397.5
1336235,1132,14001,P0,36,68.13,5,0,0x0000000000000000,0,26,397.5
1336899,1042,14001,P0,36,68.01,3,0,0x0000000000000000,0,26,397.5
1337556,1147,14001,P0,36,68.02,4,0,0x0000000000000000,0,26,397.5
1338211,1080,14001,P0,36,67.36,5,0,0x0000000000000000,0,26,397.5
1338858,1087,14001,P0,35,67.08,2,0,0x0000000000000000,0,26,397.5
1339528,1170,14001,P0,36,67.99,4,0,0x0000000000000000,0,26,397.5
1340160,1125,14001,P0,36,67.49,4,0,0x0000000000000000,0,26,397.5
1340810,1065,14001,P0,36,67.59,4,0,0x0000000000000000,0,26,397.5
1341467,1162,14001,P0,36,68.20,4,0,0x0000000000000000,0,26,397.5
1342123,1050,14001,P0,36,68.61,4,0,0x0000000000000000,0,26,397.5
1342784,1102,14001,P0,36,67.80,3,0,0x0000000000000000,0,26,397.5
1343478,1110,14001,P0,36,67.75,5,0,0x0000000000000000,0,26,397.5
1344130,1095,14001,P0,36,67.75,3,0,0x0000000000000000,0,26,397.5
1344769,1065,14001,P0,35,67.11,2,0,0x0000000000000000,0,26,397.5
1345434,1027,14001,P0,36,66.09,4,0,0x0000000000000000,0,26,397.5
1346080,1080,14001,P0,36,66.57,3,0,0x0000000000000000,0,26,397.5
1346743,1065,14001,P0,36,66.32,2,0,0x0000000000000000,0,26,397.5
1347413,1095,14001,P0,36,67.15,3,0,0x0000000000000000,0,26,397.5
1348225,1012,14001,P0,35,67.09,3,0,0x0000000000000000,0,26,397.5
1348900,1185,14001,P0,36,68.65,2,0,0x0000000000000000,0,26,397.5
1349570,1170,14001,P0,36,69.98,5,0,0x0000000000000000,0,26,397.5
1350210,1140,14001,P0,36,68.46,4,0,0x0000000000000000,0,26,397.5
1350843,1042,14001,P0,35,67.13,2,0,0x0000000000000000,0,26,397.5
1351493,1035,14001,P0,36,66.82,4,0,0x0000000000000000,0,26,397.5
1352192,1095,14001,P0,35,66.85,4,0,0x0000000000000000,0,26,397.5
1352868,975,14001,P0,35,66.85,2,0,0x0000000000000000,0,26,397.5
1353509,1117,14001,P0,35,66.45,3,0,0x0000000000000000,0,26,397.5
1354170,1050,14001,P0,36,66.19,4,0,0x0000000000000000,0,26,397.5
1354839,1005,14001,P0,36,66.60,2,0,0x0000000000000000,0,26,397.5
1355504,1065,14001,P0,36,67.30,5,0,0x0000000000000000,0,26,397.5
1356168,1125,14001,P0,36,67.02,4,0,0x0000000000000000,0,26,397.5
1356852,982,14001,P0,35,66.82,3,1,0x0000000000000000,0.24,26,397.5
1357506,2767,14001,P0,50,300.44,97,31,0x0000000000000004,2.42,26,397.5
1358176,2887,14001,P0,47,519.01,99,72,0x0000000000000000,2.53,26,397.5
1358832,2887,14001,P0,48,489.08,99,75,0x0000000000000000,3.11,26,397.5
1359501,2887,14001,P0,47,488.92,98,70,0x0000000000000000,2.99,26,397.5
1360180,2887,14001,P0,48,488.61,99,71,0x0000000000000000,2,26,397.5
1360871,2887,14001,P0,49,489.85,98,74,0x0000000000000000,1.8,26,397.5
1361537,2925,14001,P0,41,368.28,4,0,0x0000000000000000,0,26,397.5
1362198,2932,14001,P0,39,108.24,4,1,0x0000000000000000,0,26,397.5
1362869,2932,14001,P0,39,107.73,2,0,0x0000000000000000,0,26,397.5
1363542,1537,14001,P0,38,90.14,4,0,0x0000000000000000,0,26,397.5
1364211,1447,14001,P0,38,72.27,5,0,0x0000000000000000,0,26,397.5
1364905,1260,14001,P0,38,71.18,3,0,0x0000000000000000,0,26,397.5
1365561,1147,14001,P0,38,68.65,4,0,0x0000000000000000,0,26,397.5
1366241,1170,14001,P0,38,68.07,4,0,0x0000000000000000,0,26,397.5
1366927,1965,14001,P0,49,183.92,97,33,0x0000000000000004,1.38,26,398.4
1367567,2775,14001,P0,52,406.77,97,29,0x0000000000000004,1.65,26,398.4
1368221,2782,14001,P0,53,573.22,95,38,0x0000000000000004,1.08,26,398.4
1368887,2797,14001,P0,54,572.41,96,36,0x0000000000000004,1.21,26,398.4
1369550,2790,14001,P0,54,572.79,98,36,0x0000000000000004,1.26,26,398.4
1370196,2902,14001,P0,48,523.72,99,69,0x0000000000000000,2.78,26,398.4
1370877,2910,14001,P0,49,436.15,99,74,0x0000000000000000,2.81,26,398.4
1371541,2895,14001,P0,49,438.22,99,71,0x0000000000000000,1.85,26,398.4
1372210,2895,14001,P0,50,468.77,99,71,0x0000000000000000,2.59,26,398.4
1372883,2895,14001,P0,50,469.12,99,73,0x0000000000000000,2.93,26,398.4
1373535,2895,14001,P0,50,467.73,99,71,0x0000000000000000,2.48,26,398.4
1374206,2925,14001,P0,43,295.62,4,1,0x0000000000000000,0,26,398.4
1374885,2932,14001,P0,42,136.75,2,0,0x0000000000000000,0,26,398.4
1375562,2932,14001,P0,42,109.35,4,0,0x0000000000000000,0,26,398.4
1376231,1410,14001,P0,41,82.93,5,0,0x0000000000000000,0,26,398.4
1376905,1327,14001,P0,41,71.15,2,0,0x0000000000000000,0,26,398.4
1377578,1290,14001,P0,40,70.82,5,0,0x0000000000000000,0,26,398.4
1378379,1207,14001,P0,40,70.20,4,0,0x0000000000000000,0,26,398.4
1379054,1230,14001,P0,40,70.51,4,0,0x0000000000000000,0,26,398.4
1379735,1245,14001,P0,40,70.57,3,0,0x0000000000000000,0,26,398.4
1380403,1245,14001,P0,40,70.76,4,0,0x0000000000000000,0,26,398.4
1381083,1117,14001,P0,40,70.28,2,0,0x0000000000000000,0,26,398.4
1381772,1065,14001,P0,40,69.64,2,0,0x0000000000000000,0,26,398.4
1382468,1260,14001,P0,40,69.65,4,0,0x0000000000000000,0,26,398.4
1383128,1117,14001,P0,40,70.02,3,0,0x0000000000000000,0,26,398.4
1383791,1057,14001,P0,39,69.26,2,0,0x0000000000000000,0,26,398.4
1384479,1125,14001,P0,39,69.24,5,0,0x0000000000000000,0,26,398.4
1385143,1080,14001,P0,39,68.98,2,0,0x0000000000000000,0,26,398.4
1385858,1125,14001,P0,39,69.52,2,0,0x0000000000000000,0,26,398.4
1386526,1140,14001,P0,39,69.47,4,0,0x0000000000000000,0,26,398.4
1387191,1080,14001,P0,39,69.60,3,0,0x0000000000000000,0,26,398.4
1387883,1110,14001,P0,39,69.80,3,0,0x0000000000000000,0,26,398.4
1388552,1117,14001,P0,39,69.68,2,0,0x0000000000000000,0,26,398.4
1389209,1102,14001,P0,39,69.90,3,0,0x0000000000000000,0,26,398.4
1389862,1110,14001,P0,39,69.52,3,0,0x0000000000000000,0,26,398.4
1390551,1072,14001,P0,39,69.03,4,0,0x0000000000000000,0,26,398.4
1391225,1117,14001,P0,39,70.45,3,0,0x0000000000000000,0,26,398.4
1391920,1230,14001,P0,39,69.82,2,0,0x0000000000000000,0,26,398.4
1392700,1117,14001,P0,39,69.13,4,0,0x0000000000000000,0,26,398.4
1393396,1140,14001,P0,39,69.99,4,0,0x0000000000000000,0,26,398.4
1394069,1245,14001,P0,39,69.43,4,0,0x0000000000000000,0,26,398.4
1394733,1170,14001,P0,39,68.71,2,0,0x0000000000000000,0,26,398.4
1395396,1057,14001,P0,38,68.31,2,0,0x0000000000000000,0,26,398.4
1396059,1072,14001,P0,38,68.62,4,0,0x0000000000000000,0,26,398.4
1396724,1155,14001,P0,38,68.43,3,0,0x0000000000000000,0,26,398.4
1397398,1042,14001,P0,38,68.88,2,0,0x0000000000000000,0,26,398.4
1398085,1132,14001,P0,38,69.17,3,0,0x0000000000000000,0,26,398.4
1398873,1162,14001,P0,38,71.14,6,1,0x0000000000000000,0,26,398.4
1399590,1215,14001,P0,38,71.04,3,0,0x0000000000000000,0,26,398.4
1400253,1222,14001,P0,38,71.43,4,0,0x0000000000000000,0,26,398.4
1400918,1125,14001,P0,38,70.13,3,0,0x0000000000000000,0,26,398.4
1401580,1087,14001,P0,38,68.46,3,0,0x0000000000000000,0,26,398.4
1402252,1177,14001,P0,38,69.06,3,0,0x0000000000000000,0,26,398.4
1402915,1125,14001,P0,38,70.29,4,0,0x0000000000000000,0,26,398.4
1403590,1170,14001,P0,38,69.69,3,0,0x0000000000000000,0,26,398.4
1404269,1125,14001,P0,38,69.36,4,0,0x0000000000000000,0,26,398.4
1404944,1267,14001,P0,38,70.48,3,0,0x0000000000000000,0,26,398.4
1405625,1200,14001,P0,38,71.02,3,0,0x0000000000000000,0,26,398.4
1406303,1125,14001,P0,38,70.28,4,0,0x0000000000000000,0,26,398.4
1406971,1207,14001,P0,38,70.07,3,0,0x0000000000000000,0,26,398.4
1407648,1140,14001,P0,38,70.83,5,0,0x0000000000000000,0,26,398.4
1408325,1177,14001,P0,38,71.06,4,0,0x0000000000000000,0,26,398.4
1408995,1222,14001,P0,38,70.55,3,0,0x0000000000000000,0,26,398.4
1409700,1177,14001,P0,38,70.09,3,0,0x0000000000000000,0,26,398.4
1410381,1102,14001,P0,38,69.85,4,0,0x0000000000000000,0,26,398.4
1411042,1110,14001,P0,38,70.10,3,0,0x0000000000000000,0,26,398.4
1411707,1185,14001,P0,38,69.78,3,0,0x0000000000000000,0,26,398.4
1412381,1177,14001,P0,38,70.24,4,0,0x0000000000000000,0,26,398.4
1413067,1177,14001,P0,38,70.57,5,0,0x0000000000000000,0,26,398.4
1413741,1620,14001,P0,38,76.80,6,1,0x0000000000000000,0,26,398.4
1414405,1590,14001,P0,38,78.86,9,1,0x0000000000000000,0,26,398.4
1415071,1185,14001,P0,38,74.86,7,1,0x0000000000000000,0,26,398.4
1415778,1215,14001,P0,38,71.59,3,0,0x0000000000000000,0,26,398.4
1416446,1312,14001,P0,38,70.56,5,0,0x0000000000000000,0,26,398.4
1417115,1207,14001,P0,38,70.68,4,0,0x0000000000000000,0,26,398.4
1417789,1867,14001,P0,38,86.21,9,1,0x0000000000000000,0,26,398.4
1418468,1695,14001,P0,38,82.71,6,0,0x0000000000000000,0,26,398.4
1419293,1612,14001,P0,38,80.68,7,1,0x0000000000000000,0,26,398.4
1419962,1537,14001,P0,38,77.00,5,0,0x0000000000000000,0,26,398.4
1420638,1612,14001,P0,38,77.50,6,0,0x0000000000000000,0,26,398.4
1421362,1935,14001,P0,38,80.43,8,1,0x0000000000000000,0,26,398.4
1422041,2047,14001,P0,38,85.68,8,1,0x0000000000000000,0,26,398.4
1422710,1732,14001,P0,38,82.35,7,1,0x0000000000000000,0,26,398.4
1423384,1785,14001,P0,38,81.77,7,1,0x0000000000000000,0,26,398.4
1424046,1740,14001,P0,38,81.25,6,0,0x0000000000000000,0,26,398.4
1424711,1725,14001,P0,38,81.29,7,0,0x0000000000000000,0,26,398.4
1425388,1762,14001,P0,38,82.09,7,1,0x0000000000000000,0,26,398.4
1426058,1687,14001,P0,38,82.10,7,0,0x0000000000000000,0,26,398.4
1426739,1740,14001,P0,38,81.69,7,1,0x0000000000000000,0,26,398.4
1427411,1785,14001,P0,38,81.76,7,0,0x0000000000000000,0,26,398.4
1428138,1740,14001,P0,38,81.82,7,1,0x0000000000000000,0,26,398.4
1428822,1920,14001,P0,38,83.81,8,1,0x0000000000000000,0,26,398.4
1429510,1740,14001,P0,38,83.75,7,0,0x0000000000000000,0,26,398.4
1430178,1665,14001,P0,37,78.26,6,1,0x0000000000000000,0,26,398.4
1430872,1642,14001,P0,38,78.20,6,0,0x0000000000000000,0,26,398.4
1431544,1665,14001,P0,38,78.00,6,0,0x0000000000000000,0,26,398.4
1432272,1552,14001,P0,38,76.70,7,1,0x0000000000000000,0,26,398.4
1432952,1530,14001,P0,37,77.23,7,0,0x0000000000000000,0,26,398.4
1433624,1522,14001,P0,37,76.61,7,1,0x0000000000000000,0,26,398.4
1434292,1485,14001,P0,37,76.37,8,1,0x0000000000000000,0,26,398.4
1434966,1560,14001,P0,37,76.92,5,0,0x0000000000000000,0,26,398.4
1435660,1492,14001,P0,37,76.08,5,0,0x0000000000000000,0,26,398.4
1436339,1492,14001,P0,37,75.44,5,0,0x0000000000000000,0,26,398.4
1437058,1530,14001,P0,37,75.72,5,0,0x0000000000000000,0,26,398.4
1437731,1507,14001,P0,37,76.00,5,0,0x0000000000000000,0,26,398.4
1438418,1477,14001,P0,37,76.53,6,1,0x0000000000000000,0,26,398.4
1439089,1462,14001,P0,37,76.57,6,0,0x0000000000000000,0,26,398.4
1439856,1380,14001,P0,37,75.15,5,0,0x0000000000000000,0,26,398.4
1440535,1485,14001,P0,37,74.37,5,0,0x0000000000000000,0,26,398.4
1441228,1485,14001,P0,37,76.50,5,1,0x0000000000000000,0,26,398.4
1441929,1440,14001,P0,37,75.82,4,0,0x0000000000000000,0,26,398.4
1442639,1545,14001,P0,37,75.97,5,0,0x0000000000000000,0,26,398.4
1443327,1515,14001,P0,37,76.23,6,0,0x0000000000000000,0,26,398.4
1444000,1417,14001,P0,37,75.77,5,0,0x0000000000000000,0,26,398.4
1444662,1455,14001,P0,37,77.23,14,3,0x0000000000000000,0.23,26,397.5
1445448,2790,14001,P0,51,301.89,97,39,0x0000000000000004,2.13,26,397.5
1446109,2812,14001,P0,52,569.02,96,37,0x0000000000000004,1.09,26,397.5
1446770,2842,14001,P0,51,556.20,96,37,0x0000000000000000,1.53,26,397.8
1447447,2820,14001,P0,53,553.47,97,35,0x0000000000000004,1.41,26,397.8
1448113,2820,14001,P0,54,561.67,96,33,0x0000000000000004,1.29,26,397.8
1448784,2827,14001,P0,55,559.60,99,24,0x0000000000000004,0.7,26,397.8
1449456,2835,14001,P0,55,556.48,97,31,0x0000000000000004,1.4,26,397.8
1450097,2827,14001,P0,52,555.36,97,29,0x0000000000000004,1.08,26,397.8
1451003,2827,14001,P0,55,556.10,91,24,0x0000000000000004,1.56,26,397.8
1451679,2910,14001,P0,49,450.38,99,71,0x0000000000000000,2.37,26,397.8
1452446,2910,14001,P0,51,403.26,73,24,0x0000000000000004,1.65,26,397.9
1453128,2812,14001,P0,55,448.52,97,36,0x0000000000000004,0.58,26,397.9
1453804,2820,14001,P0,56,555.29,96,32,0x0000000000000004,0.9,26,397.9
1454477,2820,14001,P0,57,556.88,96,32,0x0000000000000004,1.28,26,397.9
1455127,2820,14001,P0,57,560.47,97,29,0x0000000000000004,1.33,26,397.9
1455802,2835,14001,P0,58,562.99,99,22,0x0000000000000004,1.41,26,397.9
1456472,2827,14001,P0,58,559.08,99,20,0x0000000000000004,1.14,26,397.9
1457115,2827,14001,P0,58,562.07,98,27,0x0000000000000004,2.79,26,397.9
1457787,2910,14001,P0,51,436.97,99,69,0x0000000000000000,3.75,26,397.9
1458468,2865,14001,P0,57,439.70,97,38,0x0000000000000004,0.68,26,397.9
1459133,2805,14001,P0,57,517.53,96,35,0x0000000000000004,1.51,26,397.9
1459808,2820,14001,P0,58,564.81,97,32,0x0000000000000004,1.56,26,397.9
1460459,2812,14001,P0,58,563.00,96,30,0x0000000000000004,1.15,26,397.9
1461129,2827,14001,P0,60,563.01,98,23,0x0000000000000004,1.32,26,397.9
1461792,2827,14001,P0,60,567.88,98,23,0x0000000000000004,1.18,26,397.9
1462473,2835,14001,P0,61,563.59,98,21,0x0000000000000004,1.26,26,397.9
1463119,2835,14001,P0,54,546.34,99,64,0x0000000000000000,2.7,26,397.9
1463784,2902,14001,P0,53,406.29,99,70,0x0000000000000000,2.4,26,398.6
1464453,2805,14001,P0,59,472.02,97,35,0x0000000000000004,1.17,26,398.6
1465095,2812,14001,P0,59,549.63,98,29,0x0000000000000004,1.44,26,398.6
1465756,2820,14001,P0,60,563.52,96,31,0x0000000000000004,1.18,26,398.6
1466510,2827,14001,P0,61,560.36,99,24,0x0000000000000004,0.82,26,398.6
1467201,2835,14001,P0,61,560.97,98,22,0x0000000000000004,0.82,26,398.6
1467905,2835,14001,P0,60,551.74,98,20,0x0000000000000004,0.8,26,398.6
1468626,2835,14001,P0,60,543.34,96,27,0x0000000000000004,0.55,26,398.6
1469395,2902,14001,P0,54,457.67,98,68,0x0000000000000000,0.98,26,398.6
1470086,2902,14001,P0,54,405.18,99,69,0x0000000000000000,1.31,26,398.6
1470825,2812,14001,P0,60,556.67,96,34,0x0000000000000004,1,26,398.6
1471498,2820,14001,P0,59,560.69,96,33,0x0000000000000004,0.54,26,398.6
1472184,2820,14001,P0,62,559.84,98,24,0x0000000000000004,1.37,26,398.6
1472945,2827,14001,P0,62,553.63,98,30,0x0000000000000004,0.57,26,398.6
1473614,2827,14001,P0,61,550.96,98,22,0x0000000000000004,1.04,26,398.6
1474296,2820,14001,P0,63,555.78,98,23,0x0000000000000004,1.15,26,398.6
1474985,2865,14001,P0,56,530.86,99,68,0x0000000000000000,1.5,26,398.6
1475654,2902,14001,P0,56,460.57,99,64,0x0000000000000000,2.5,26,398.6
1476355,2805,14001,P0,61,496.55,98,30,0x0000000000000004,1.17,26,398.6
1477040,2805,14001,P0,61,559.04,98,27,0x0000000000000004,0.77,26,398.6
1477712,2812,14001,P0,63,545.29,97,26,0x0000000000000004,1.04,26,398.6
1478395,2820,14001,P0,63,560.13,98,27,0x0000000000000004,1.05,26,398.6
1479065,2827,14001,P0,62,558.23,97,30,0x0000000000000004,1.38,26,398.6
1479781,2812,14001,P0,61,568.62,96,29,0x0000000000000004,1.61,26,398.6
1480452,2820,14001,P0,65,572.94,99,20,0x0000000000000004,1.64,26,398.6
1481133,2887,14001,P0,57,524.37,99,70,0x0000000000000000,3.28,26,398.6
1481916,2895,14001,P0,59,432.49,96,38,0x0000000000000004,1.84,26,398.6
1482689,2797,14001,P0,63,508.22,96,35,0x0000000000000004,1.68,26,398.6
1483391,2805,14001,P0,62,565.97,97,32,0x0000000000000004,0.71,26,398.6
1484083,2812,14001,P0,64,566.65,99,24,0x0000000000000004,1.34,26,398.6
1484777,2805,14001,P0,63,567.67,96,29,0x0000000000000000,1.35,26,398.6
1485445,2812,14001,P0,63,567.44,97,28,0x0000000000000000,1.38,26,398.6
1486133,2812,14001,P0,62,568.34,97,28,0x0000000000000004,1.94,26,401.6
1486830,2805,14001,P0,63,544.61,97,36,0x0000000000000004,1.27,26,398.6
1487500,2797,14001,P0,63,544.03,97,34,0x0000000000000004,1.01,26,398.6
1488170,2797,14001,P0,65,569.14,97,28,0x0000000000000004,1.18,26,398.6
1488851,2812,14001,P0,66,568.32,98,28,0x0000000000000004,1.49,26,398.6
1489545,2805,14001,P0,64,568.67,97,30,0x0000000000000004,1.38,26,398.6
1490222,2812,14001,P0,65,570.28,96,28,0x0000000000000004,1.12,26,398.6
1490896,2812,14001,P0,62,570.95,97,27,0x0000000000000004,1.52,26,398.6
1491566,2835,14001,P0,60,547.47,99,69,0x0000000000000000,1.95,26,398.6
1492228,2902,14001,P0,58,417.73,99,68,0x0000000000000000,2.59,26,398.6
1492926,2782,14001,P0,64,495.64,97,36,0x0000000000000004,1.29,26,398.6
1493620,2797,14001,P0,65,574.16,96,34,0x0000000000000004,1.34,26,398.6
1494501,2805,14001,P0,66,571.28,98,29,0x0000000000000004,1.69,26,398.6
1495218,2805,14001,P0,65,568.20,97,30,0x0000000000000004,0.89,26,398.6
1495904,2812,14001,P0,65,559.73,97,28,0x0000000000000004,1.1,26,398.6
1496570,2812,14001,P0,63,558.72,97,28,0x0000000000000004,1.83,26,398.6
1497282,2880,14001,P0,60,523.78,99,66,0x0000000000000000,2.62,26,398.6
1497969,2902,14001,P0,59,455.46,98,68,0x0000000000000000,2.09,26,399.4
1498632,2902,14001,P0,63,424.33,97,38,0x0000000000000004,1.51,26,399.4
1499296,2797,14001,P0,66,558.96,97,34,0x0000000000000004,1.06,26,399.4
1499968,2797,14001,P0,66,563.91,97,29,0x0000000000000004,1.51,26,399.4
1500642,2805,14001,P0,64,560.61,97,32,0x0000000000000004,0.81,26,399.4
1501303,2805,14001,P0,66,560.67,98,29,0x0000000000000004,1.3,26,399.4
1501971,2805,14001,P0,66,561.58,97,29,0x0000000000000004,1.29,26,399.4
1502639,2812,14001,P0,66,561.35,97,28,0x0000000000000000,1.87,26,399.4
1503317,2880,14001,P0,60,522.57,99,68,0x0000000000000000,1.74,26,399.4
1504006,2902,14001,P0,60,455.12,99,69,0x0000000000000000,1.71,26,399.4
1504685,2902,14001,P0,56,379.09,7,1,0x0000000000000000,0,26,399.4
1505422,2910,14001,P0,53,120.75,7,1,0x0000000000000000,0,26,399.4
1506092,2910,14001,P0,53,119.69,7,1,0x0000000000000000,0,26,399.4
1506751,1897,14001,P0,52,99.81,8,1,0x0000000000000000,0,26,399.4
1507427,1807,14001,P0,51,91.14,7,0,0x0000000000000000,0,26,399.4
1508240,1792,14001,P0,51,90.41,9,1,0x0000000000000000,0,26,399.4
1508919,1830,14001,P0,51,90.15,8,1,0x0000000000000000,0,26,399.4
1509594,1807,14001,P0,50,90.26,7,1,0x0000000000000000,0,26,399.4
1510255,1702,14001,P0,50,88.42,7,0,0x0000000000000000,0,26,399.4
1510952,1695,14001,P0,50,88.09,9,1,0x0000000000000000,0,26,399.4
1511613,1732,14001,P0,50,88.02,9,1,0x0000000000000000,0,26,399.4
1512273,1755,14001,P0,49,87.41,8,1,0x0000000000000000,0,26,399.4
1512940,1665,14001,P0,49,87.29,7,1,0x0000000000000000,0,26,399.4
1513599,1770,14001,P0,49,86.70,7,1,0x0000000000000000,0,26,399.4
1514289,1777,14001,P0,49,87.10,7,1,0x0000000000000000,0,26,399.4
1514984,1747,14001,P0,48,86.67,7,1,0x0000000000000000,0,26,399.4
1515645,1710,14001,P0,48,86.48,9,1,0x0000000000000000,0,26,399.4
1516320,1702,14001,P0,48,86.42,7,1,0x0000000000000000,0,26,399.4
1517036,1650,14001,P0,48,85.97,7,1,0x0000000000000000,0,26,399.4
1517704,1732,14001,P0,48,86.39,7,0,0x0000000000000000,0,26,399.4
1518375,1770,14001,P0,48,86.88,8,1,0x0000000000000000,0,26,399.4
1519038,1755,14001,P0,47,86.72,7,0,0x0000000000000000,0,26,399.4
1519712,1740,14001,P0,47,85.89,7,1,0x0000000000000000,0,26,399.4
1520377,1702,14001,P0,47,85.85,8,1,0x0000000000000000,0,26,399.4
1521046,1695,14001,P0,47,85.49,9,1,0x0000000000000000,0,26,399.4
1521707,1672,14001,P0,46,84.86,7,0,0x0000000000000000,0,26,399.4
1522382,1740,14001,P0,46,85.19,9,1,0x0000000000000000,0,26,399.4
1523079,1680,14001,P0,46,85.41,8,1,0x0000000000000000,0,26,399.4
1523731,1680,14001,P0,46,84.58,7,0,0x0000000000000000,0,26,399.4
1524401,1717,14001,P0,46,84.43,8,1,0x0000000000000000,0,26,399.4
1525061,1687,14001,P0,46,84.63,7,1,0x0000000000000000,0,26,399.4
1525721,1672,14001,P0,46,84.31,6,0,0x0000000000000000,0,26,399.4
1526388,1657,14001,P0,46,83.43,7,1,0x0000000000000000,0,26,399.4
1527063,1642,14001,P0,46,83.36,7,1,0x0000000000000000,0,26,399.4
1527719,1657,14001,P0,45,83.70,9,1,0x0000000000000000,0,26,399.4
1528391,1687,14001,P0,45,83.16,7,0,0x0000000000000000,0,26,399.4
1529057,1732,14001,P0,45,84.60,8,1,0x0000000000000000,0,26,399.4
1529721,1672,14001,P0,45,83.99,7,0,0x0000000000000000,0,26,399.4
1530393,1680,14001,P0,45,84.03,8,1,0x0000000000000000,0,26,399.4
1531059,1740,14001,P0,45,84.90,7,1,0x0000000000000000,0,26,399.4
1531725,1770,14001,P0,45,85.25,7,0,0x0000000000000000,0,26,399.4
1532401,1717,14001,P0,45,84.11,7,1,0x0000000000000000,0,26,399.4
1533056,1687,14001,P0,44,83.38,8,1,0x0000000000000000,0,26,399.4
1533792,1687,14001,P0,44,83.93,7,0,0x0000000000000000,0,26,399.4
1534440,1747,14001,P0,44,83.72,8,1,0x0000000000000000,0,26,399.4
1535122,1725,14001,P0,44,84.09,7,0,0x0000000000000000,0,26,399.4
1535782,1717,14001,P0,44,85.06,8,0,0x0000000000000000,0,26,399.4
1536432,1747,14001,P0,44,83.78,8,1,0x0000000000000000,0,26,399.4
1537100,1672,14001,P0,44,83.50,9,1,0x0000000000000000,0,26,399.4
1537778,1702,14001,P0,44,83.88,7,0,0x0000000000000000,0,26,399.4
1538438,1747,14001,P0,44,83.65,8,1,0x0000000000000000,0,26,399.4
1539127,1755,14001,P0,44,83.74,8,0,0x0000000000000000,0,26,399.4
1539818,1740,14001,P0,43,83.82,6,0,0x0000000000000000,0,26,399.4
1540497,1702,14001,P0,43,83.42,7,0,0x0000000000000000,0,26,399.4
1541184,1807,14001,P0,43,84.38,9,1,0x0000000000000000,0,26,399.4
1541879,1747,14001,P0,43,83.79,7,1,0x0000000000000000,0,26,399.4
1542537,1882,14001,P0,43,86.21,9,1,0x0000000000000000,0,26,399.4
1543203,1732,14001,P0,43,85.16,6,0,0x0000000000000000,0,26,399.4
1543874,1612,14001,P0,43,79.94,6,0,0x0000000000000000,0,26,399.4
1544542,1605,14001,P0,43,78.83,6,1,0x0000000000000000,0,26,399.4
1545276,1620,14001,P0,43,79.61,6,1,0x0000000000000000,0,26,399.4
1545938,1657,14001,P0,43,80.21,5,0,0x0000000000000000,0,26,399.4
1546621,1530,14001,P0,43,79.31,5,1,0x0000000000000000,0,26,399.4
1547422,1560,14001,P0,42,80.30,6,0,0x0000000000000000,0,26,399.4
1548197,1477,14001,P0,42,79.25,6,0,0x0000000000000000,0,26,399.4
1548877,1575,14001,P0,42,78.17,5,0,0x0000000000000000,0,26,399.4
1549539,1522,14001,P0,42,77.97,6,1,0x0000000000000000,0,26,399.4
1550213,1425,14001,P0,42,77.29,7,1,0x0000000000000000,0,26,399.4
1550868,1455,14001,P0,42,76.77,6,1,0x0000000000000000,0,26,399.4
1551541,1447,14001,P0,42,77.01,6,0,0x0000000000000000,0,26,399.4
1552184,1477,14001,P0,42,77.02,6,0,0x0000000000000000,0,26,399.4
1552856,1417,14001,P0,42,76.45,4,0,0x0000000000000000,0,26,399.4
1553543,1432,14001,P0,42,76.47,6,0,0x0000000000000000,0,26,399.4
1554186,1762,14001,P0,42,83.95,9,1,0x0000000000000000,0,26,399.4
1554847,1747,14001,P0,42,83.54,6,1,0x0000000000000000,0,26,399.4
1555500,1590,14001,P0,42,82.41,6,0,0x0000000000000000,0,26,399.4
1556151,1605,14001,P0,42,79.36,5,0,0x0000000000000000,0,26,399.4
1556898,1605,14001,P0,42,78.40,9,1,0x0000000000000000,0,26,399.4
1557562,1560,14001,P0,41,79.75,5,0,0x0000000000000000,0,26,399.4
1558206,1560,14001,P0,41,80.28,5,0,0x0000000000000000,0,26,399.4
1558883,1792,14001,P0,42,79.61,9,1,0x0000000000000000,0,26,399.4
1559548,1627,14001,P0,41,79.93,6,0,0x0000000000000000,0,26,399.4
1560215,1582,14001,P0,41,77.23,5,0,0x0000000000000000,0,26,399.4
1560859,1567,14001,P0,41,77.30,6,0,0x0000000000000000,0,26,399.4
1561517,1500,14001,P0,41,76.94,5,0,0x0000000000000000,0,26,399.4
1562288,1492,14001,P0,41,76.04,6,0,0x0000000000000000,0,26,399.4
